rank,feature,importance
1,ELO_SURFACE_DIFF,0.18320106
2,ELO_DIFF,0.047704633
3,WIN_LAST_50_DIFF,0.036435332
4,WIN_LAST_100_DIFF,0.029021377
5,WIN_LAST_25_DIFF,0.027904615
6,DIFF_N_GAMES,0.025398172
7,WIN_LAST_10_DIFF,0.019819202
8,ELO_GRAD_35_DIFF,0.01861673
9,ATP_POINT_DIFF,0.01783867
10,ELO_GRAD_20_DIFF,0.016949255
11,ELO_GRAD_50_DIFF,0.015817517
12,ELO_GRAD_100_DIFF,0.01511985
13,ATP_RANK_DIFF,0.0149474535
14,ELO_GRAD_250_DIFF,0.012924236
15,WIN_LAST_5_DIFF,0.0124341855
16,WIN_LAST_3_DIFF,0.011910936
17,ELO_GRAD_10_DIFF,0.011349933
18,H2H_SURFACE_DIFF,0.010556096
19,P_2ND_WON_LAST_2000_DIFF,0.010141476
20,AGE_DIFF,0.010131684
21,H2H_DIFF,0.009735852
22,P_2ND_WON_LAST_300_DIFF,0.009586321
23,P_2ND_WON_LAST_100_DIFF,0.009494447
24,P_BP_SAVED_LAST_200_DIFF,0.009482604
25,P_2ND_WON_LAST_200_DIFF,0.009405719
26,DRAW_SIZE,0.009380192
27,P_BP_SAVED_LAST_300_DIFF,0.009261021
28,P_BP_SAVED_LAST_2000_DIFF,0.009162359
29,P_1ST_WON_LAST_300_DIFF,0.008878994
30,ELO_GRAD_5_DIFF,0.008754204
31,P_1ST_WON_LAST_100_DIFF,0.008661828
32,P_1ST_WON_LAST_200_DIFF,0.008654335
33,P_BP_SAVED_LAST_50_DIFF,0.008493425
34,P_1ST_WON_LAST_2000_DIFF,0.008418196
35,P_2ND_WON_LAST_50_DIFF,0.008043386
36,P_1ST_WON_LAST_3_DIFF,0.008006275
37,P_ACE_LAST_200_DIFF,0.007996851
38,P_1ST_WON_LAST_50_DIFF,0.007961374
39,P_1ST_IN_LAST_50_DIFF,0.007944898
40,P_ACE_LAST_50_DIFF,0.007883605
41,P_1ST_IN_LAST_100_DIFF,0.007879788
42,P_1ST_IN_LAST_20_DIFF,0.007841919
43,P_2ND_WON_LAST_20_DIFF,0.007834358
44,P_1ST_IN_LAST_10_DIFF,0.0078020957
45,P_ACE_LAST_2000_DIFF,0.0077800457
46,P_BP_SAVED_LAST_100_DIFF,0.007764824
47,P_ACE_LAST_300_DIFF,0.007747437
48,P_ACE_LAST_10_DIFF,0.007739401
49,P_1ST_IN_LAST_3_DIFF,0.007714081
50,P_ACE_LAST_100_DIFF,0.0077026123
51,P_1ST_IN_LAST_2000_DIFF,0.0076911435
52,P_1ST_IN_LAST_200_DIFF,0.007691086
53,P_BP_SAVED_LAST_10_DIFF,0.007656656
54,P_ACE_LAST_5_DIFF,0.007608463
55,P_2ND_WON_LAST_10_DIFF,0.0076065944
56,P_1ST_IN_LAST_300_DIFF,0.00751647
57,P_1ST_WON_LAST_10_DIFF,0.007504205
58,P_1ST_IN_LAST_5_DIFF,0.007495782
59,P_BP_SAVED_LAST_20_DIFF,0.007489909
60,P_DF_LAST_200_DIFF,0.0074501983
61,P_DF_LAST_3_DIFF,0.007415501
62,P_2ND_WON_LAST_3_DIFF,0.007380601
63,P_DF_LAST_5_DIFF,0.007370869
64,P_1ST_WON_LAST_20_DIFF,0.0073447707
65,P_ACE_LAST_3_DIFF,0.0073363413
66,P_ACE_LAST_20_DIFF,0.007335021
67,HEIGHT_DIFF,0.0073048538
68,P_DF_LAST_20_DIFF,0.0072544
69,P_1ST_WON_LAST_5_DIFF,0.0072258157
70,P_DF_LAST_10_DIFF,0.0072052027
71,P_DF_LAST_2000_DIFF,0.0071984204
72,P_DF_LAST_50_DIFF,0.007180713
73,P_DF_LAST_300_DIFF,0.0071787755
74,P_DF_LAST_100_DIFF,0.0071125347
75,P_BP_SAVED_LAST_3_DIFF,0.007107524
76,P_BP_SAVED_LAST_5_DIFF,0.0070593227
77,P_2ND_WON_LAST_5_DIFF,0.0070438697
