match_id,tournament_name,surface,round,match_date,player_1_id,player_2_id,player_1_name,player_2_name,official_player_1_probability,official_player_2_probability,official_predicted_winner,official_confidence,safe_plus_predicted_winner,safe_plus_confidence,safe_plus_agrees_with_official,monotonic_predicted_winner,monotonic_confidence,monotonic_agrees_with_official,baseline_visible_favorite,baseline_visible_score,baseline_visible_confidence_bucket,baseline_visible_agrees_with_official,visible_signal_favorite,visible_signal_score,visible_signal_agreement_score,visible_signal_conflict_reasons,model_agreement_score,confidence_band,product_confidence_band,explanation_risk_level,recommended_explanation_copy
2026-06-21-mallorca-spain-semifinals-200221-206681,Mallorca Spain,Grass,Semifinals,2026-06-21,200221,206681,Alejandro Davidovich Fokina,Fabian Marozsan,0.059868045735801,0.9401319542641988,Fabian Marozsan,0.9401319542641988,Alejandro Davidovich Fokina,0.6509587467951997,False,Fabian Marozsan,0.5273371,True,Alejandro Davidovich Fokina,1.0,strong visible edge,False,Alejandro Davidovich Fokina,1.0,0.0,pre-match Elo favors official underdog; surface pre-match Elo favors official underdog; ATP points favors official underdog; ATP ranking favors official underdog; H2H favors official underdog; recent 10-match form favors official underdog; recent 50-match form favors official underdog; recent 100-match form favors official underdog,0.3333333333333333,High model confidence,High uncertainty despite high model confidence,high,"The model confidence is high, but auxiliary checks do not fully agree. Consider this a high-confidence model-driven pick with limited visible-signal support."
2026-06-22-eastbourne-great-britain-semifinals-200005-207733,Eastbourne Great Britain,Grass,Semifinals,2026-06-22,200005,207733,Ugo Humbert,Jack Draper,0.0485503786727882,0.9514496213272118,Jack Draper,0.9514496213272118,Jack Draper,0.6058578589043069,True,Jack Draper,0.88254136,True,Jack Draper,-0.12499999999999994,lean visible edge,True,Jack Draper,-0.12499999999999994,0.5625,ATP points favors official underdog; ATP ranking favors official underdog; H2H favors official underdog; visible signals are mixed,1.0,High model confidence,Moderate model agreement,medium,"The official model favors Jack Draper, with mixed supporting signals. Treat this as a probabilistic edge rather than a certainty."
2026-06-29-wimbledon-round-of-128-206173-200175,Wimbledon,Grass,Round of 128,2026-06-29,206173,200175,Jannik Sinner,Miomir Kecmanovic,0.9503478581914676,0.0496521418085323,Jannik Sinner,0.9503478581914676,Jannik Sinner,0.874913080518373,True,Jannik Sinner,0.9072246,True,Jannik Sinner,1.0,strong visible edge,True,Jannik Sinner,1.0,1.0,,1.0,High model confidence,Strong model agreement,medium,"The official model favors Jannik Sinner, and the visible pre-match signals generally support that prediction."
2026-06-29-wimbledon-round-of-128-207729-132686,Wimbledon,Grass,Round of 128,2026-06-29,207729,132686,Tristan Boyer,Nuno Borges,0.1770411837147271,0.8229588162852729,Nuno Borges,0.8229588162852729,Nuno Borges,0.5793721141689847,True,Nuno Borges,0.62133515,True,Nuno Borges,-0.5714285714285715,moderate visible edge,True,Nuno Borges,-0.5714285714285715,0.7857142857142858,surface pre-match Elo favors official underdog,1.0,Moderate model confidence,Strong model agreement,low,"The official model favors Nuno Borges, and the visible pre-match signals generally support that prediction."
2026-06-29-wimbledon-round-of-128-202385-126846,Wimbledon,Grass,Round of 128,2026-06-29,202385,126846,Jenson Brooksby,Aleksandar Vukic,0.8241328528110877,0.1758671471889122,Jenson Brooksby,0.8241328528110877,Jenson Brooksby,0.6199226745505989,True,Jenson Brooksby,0.8179902,True,Jenson Brooksby,0.8666666666666667,strong visible edge,True,Jenson Brooksby,0.8666666666666667,0.9333333333333333,recent 10-match form favors official underdog,1.0,Moderate model confidence,Strong model agreement,low,"The official model favors Jenson Brooksby, and the visible pre-match signals generally support that prediction."
2026-06-29-wimbledon-round-of-128-207182-209860,Wimbledon,Grass,Round of 128,2026-06-29,207182,209860,Emilio Nava,Ignacio Buse,0.8601670024436647,0.1398329975563352,Emilio Nava,0.8601670024436647,Ignacio Buse,0.5774127634449688,False,Ignacio Buse,0.7224702,False,Ignacio Buse,-1.0,strong visible edge,False,Ignacio Buse,-1.0,0.0,pre-match Elo favors official underdog; surface pre-match Elo favors official underdog; ATP points favors official underdog; ATP ranking favors official underdog; recent 10-match form favors official underdog; recent 50-match form favors official underdog; recent 100-match form favors official underdog,0.0,Moderate model confidence,Low visible-signal agreement,high,"The official model favors Emilio Nava, but several visible indicators point the other way. This prediction may require more cautious interpretation."
2026-06-29-wimbledon-round-of-128-212588-208269,Wimbledon,Grass,Round of 128,2026-06-29,212588,208269,Rafael Jodar,Felix Gill,0.887229074855025,0.112770925144975,Rafael Jodar,0.887229074855025,Rafael Jodar,0.5950558731139226,True,Rafael Jodar,0.899842,True,Rafael Jodar,1.0,strong visible edge,True,Rafael Jodar,1.0,1.0,,1.0,Moderate model confidence,Strong model agreement,low,"The official model favors Rafael Jodar, and the visible pre-match signals generally support that prediction."
2026-06-29-wimbledon-round-of-128-105807-133430,Wimbledon,Grass,Round of 128,2026-06-29,105807,133430,Pablo Carreno Busta,Denis Shapovalov,0.1851986137743414,0.8148013862256586,Denis Shapovalov,0.8148013862256586,Denis Shapovalov,0.6194726501648051,True,Denis Shapovalov,0.8479039,True,Denis Shapovalov,-0.2173913043478261,lean visible edge,True,Denis Shapovalov,-0.2173913043478261,0.6086956521739131,pre-match Elo favors official underdog; H2H favors official underdog; recent 10-match form favors official underdog; visible signals are mixed,1.0,Moderate model confidence,Strong model agreement,low,"The official model favors Denis Shapovalov, and the visible pre-match signals generally support that prediction."
2026-06-29-wimbledon-round-of-128-209407-208278,Wimbledon,Grass,Round of 128,2026-06-29,209407,208278,Max Basing,Shintaro Mochizuki,0.7754988883400501,0.2245011116599499,Max Basing,0.7754988883400501,Shintaro Mochizuki,0.5872747586780839,False,Max Basing,0.62384313,True,Max Basing,0.34426229508196715,moderate visible edge,True,Max Basing,0.34426229508196715,0.6721311475409836,ATP points favors official underdog; ATP ranking favors official underdog,0.6666666666666666,Moderate model confidence,Model-driven pick,medium,"The official model strongly favors Max Basing, but visible pre-match signals are mixed. Treat this as a model-driven prediction rather than a simple ranking or Elo edge."
2026-06-29-wimbledon-round-of-128-210319-209260,Wimbledon,Grass,Round of 128,2026-06-29,210319,209260,Ethan Quinn,Luciano Darderi,0.94719633209348,0.0528036679065201,Ethan Quinn,0.94719633209348,Ethan Quinn,0.5688282340203183,True,Ethan Quinn,0.7489862,True,Luciano Darderi,-0.6065573770491804,moderate visible edge,False,Luciano Darderi,-0.6065573770491804,0.19672131147540983,pre-match Elo favors official underdog; ATP points favors official underdog; ATP ranking favors official underdog; recent 10-match form favors official underdog; recent 50-match form favors official underdog; recent 100-match form favors official underdog,0.6666666666666666,High model confidence,Low visible-signal agreement,high,"The official model favors Ethan Quinn, but several visible indicators point the other way. This prediction may require more cautious interpretation."
2026-06-29-wimbledon-round-of-128-128034-134770,Wimbledon,Grass,Round of 128,2026-06-29,128034,134770,Hubert Hurkacz,Casper Ruud,0.6140364032169008,0.3859635967830992,Hubert Hurkacz,0.6140364032169008,Hubert Hurkacz,0.5252375831138986,True,Hubert Hurkacz,0.6825472,True,Casper Ruud,-0.6521739130434783,moderate visible edge,False,Casper Ruud,-0.6521739130434783,0.17391304347826086,pre-match Elo favors official underdog; ATP points favors official underdog; ATP ranking favors official underdog; H2H favors official underdog; recent 10-match form favors official underdog; recent 50-match form favors official underdog; recent 100-match form favors official underdog,0.6666666666666666,Lean,Moderate model agreement,medium,"The official model favors Hubert Hurkacz, with mixed supporting signals. Treat this as a probabilistic edge rather than a certainty."
2026-06-29-wimbledon-round-of-128-124116-209098,Wimbledon,Grass,Round of 128,2026-06-29,124116,209098,Sebastian Ofner,Hamad Medjedovic,0.0661753411363577,0.9338246588636424,Hamad Medjedovic,0.9338246588636424,Hamad Medjedovic,0.6410543697742513,True,Hamad Medjedovic,0.7058606,True,Hamad Medjedovic,-0.30666666666666675,lean visible edge,True,Hamad Medjedovic,-0.30666666666666675,0.6533333333333334,surface pre-match Elo favors official underdog; H2H favors official underdog; surface H2H favors official underdog,1.0,High model confidence,Strong model agreement,medium,"The official model favors Hamad Medjedovic, and the visible pre-match signals generally support that prediction."
2026-06-29-wimbledon-round-of-128-126952-212021,Wimbledon,Grass,Round of 128,2026-06-29,126952,212021,Soon Woo Kwon,Martin Landaluce,0.8684411115678933,0.1315588884321067,Soon Woo Kwon,0.8684411115678933,Martin Landaluce,0.6711796042941287,False,Soon Woo Kwon,0.5490131,True,Mixed,0.01639344262295076,mixed visible signals,False,Mixed,0.01639344262295076,0.5081967213114754,ATP points favors official underdog; ATP ranking favors official underdog; recent 10-match form favors official underdog; recent 50-match form favors official underdog; visible signals are mixed,0.3333333333333333,Moderate model confidence,Model-driven pick,medium,"The official model strongly favors Soon Woo Kwon, but visible pre-match signals are mixed. Treat this as a model-driven prediction rather than a simple ranking or Elo edge."
2026-06-29-wimbledon-round-of-128-124186-126205,Wimbledon,Grass,Round of 128,2026-06-29,124186,126205,Alexandre Muller,Tommy Paul,0.4083222268368259,0.591677773163174,Tommy Paul,0.591677773163174,Tommy Paul,0.8354766449221036,True,Tommy Paul,0.82251525,True,Tommy Paul,-1.0,strong visible edge,True,Tommy Paul,-1.0,1.0,,1.0,Toss-up,Moderate model agreement,low,"The official model favors Tommy Paul, with mixed supporting signals. Treat this as a probabilistic edge rather than a certainty."
2026-06-29-wimbledon-round-of-128-206909-209957,Wimbledon,Grass,Round of 128,2026-06-29,206909,209957,Brandon Nakashima,Jack Pinnington Jones,0.9068655398759732,0.0931344601240269,Brandon Nakashima,0.9068655398759732,Brandon Nakashima,0.7943161196283239,True,Brandon Nakashima,0.84045565,True,Brandon Nakashima,1.0,strong visible edge,True,Brandon Nakashima,1.0,1.0,,1.0,High model confidence,Strong model agreement,medium,"The official model favors Brandon Nakashima, and the visible pre-match signals generally support that prediction."
2026-06-29-wimbledon-round-of-128-105526-202104,Wimbledon,Grass,Round of 128,2026-06-29,105526,202104,Jan Lennard Struff,Sebastian Baez,0.8916410008087287,0.1083589991912713,Jan Lennard Struff,0.8916410008087287,Jan Lennard Struff,0.6303649645720142,True,Jan Lennard Struff,0.8233479,True,Jan Lennard Struff,0.2753623188405797,lean visible edge,True,Jan Lennard Struff,0.2753623188405797,0.6376811594202898,ATP points favors official underdog; ATP ranking favors official underdog; recent 50-match form favors official underdog; visible signals are mixed,1.0,Moderate model confidence,Strong model agreement,low,"The official model favors Jan Lennard Struff, and the visible pre-match signals generally support that prediction."
2026-06-29-wimbledon-round-of-128-210017-200116,Wimbledon,Grass,Round of 128,2026-06-29,210017,200116,Daniel Merida Aguilar,Camilo Ugo Carabelli,0.1138104758436482,0.8861895241563518,Camilo Ugo Carabelli,0.8861895241563518,Camilo Ugo Carabelli,0.5335995010769657,True,Camilo Ugo Carabelli,0.7328167,True,Camilo Ugo Carabelli,-0.21428571428571433,lean visible edge,True,Camilo Ugo Carabelli,-0.21428571428571433,0.6071428571428572,surface pre-match Elo favors official underdog; recent 50-match form favors official underdog; recent 100-match form favors official underdog; visible signals are mixed,1.0,Moderate model confidence,Strong model agreement,low,"The official model favors Camilo Ugo Carabelli, and the visible pre-match signals generally support that prediction."
2026-06-29-wimbledon-round-of-128-106421-105227,Wimbledon,Grass,Round of 128,2026-06-29,106421,105227,Daniil Medvedev,Marin Cilic,0.1862618345257409,0.813738165474259,Marin Cilic,0.813738165474259,Daniil Medvedev,0.7146900501488764,False,Daniil Medvedev,0.7799518,False,Daniil Medvedev,0.68,strong visible edge,False,Daniil Medvedev,0.68,0.16,pre-match Elo favors official underdog; ATP points favors official underdog; ATP ranking favors official underdog; H2H favors official underdog; surface H2H favors official underdog; recent 10-match form favors official underdog; recent 50-match form favors official underdog; recent 100-match form favors official underdog,0.0,Moderate model confidence,Low visible-signal agreement,high,"The official model favors Marin Cilic, but several visible indicators point the other way. This prediction may require more cautious interpretation."
2026-06-29-wimbledon-round-of-128-200000-207686,Wimbledon,Grass,Round of 128,2026-06-29,200000,207686,Felix Auger Aliassime,Alexander Shevchenko,0.8411425131851035,0.1588574868148965,Felix Auger Aliassime,0.8411425131851035,Felix Auger Aliassime,0.834866713527442,True,Felix Auger Aliassime,0.84742695,True,Felix Auger Aliassime,1.0,strong visible edge,True,Felix Auger Aliassime,1.0,1.0,,1.0,Moderate model confidence,Strong model agreement,low,"The official model favors Felix Auger Aliassime, and the visible pre-match signals generally support that prediction."
2026-06-29-wimbledon-round-of-128-209976-200443,Wimbledon,Grass,Round of 128,2026-06-29,209976,200443,Dino Prizmic,Adam Walton,0.0671099900159236,0.9328900099840765,Adam Walton,0.9328900099840765,Adam Walton,0.5097087965442229,True,Adam Walton,0.853649,True,Dino Prizmic,0.4426229508196722,moderate visible edge,False,Dino Prizmic,0.4426229508196722,0.27868852459016397,pre-match Elo favors official underdog; ATP points favors official underdog; ATP ranking favors official underdog; recent 10-match form favors official underdog; recent 100-match form favors official underdog,0.6666666666666666,High model confidence,Low visible-signal agreement,high,"The official model favors Adam Walton, but several visible indicators point the other way. This prediction may require more cautious interpretation."
2026-06-29-wimbledon-round-of-128-200711-209226,Wimbledon,Grass,Round of 128,2026-06-29,200711,209226,Nicolas Mejia,Adolfo Daniel Vallejo,0.5507020641538785,0.4492979358461215,Nicolas Mejia,0.5507020641538785,Adolfo Daniel Vallejo,0.5805957136619422,False,Adolfo Daniel Vallejo,0.5463152,False,Adolfo Daniel Vallejo,-0.6065573770491804,moderate visible edge,False,Adolfo Daniel Vallejo,-0.6065573770491804,0.19672131147540983,pre-match Elo favors official underdog; ATP points favors official underdog; ATP ranking favors official underdog; recent 10-match form favors official underdog; recent 50-match form favors official underdog; recent 100-match form favors official underdog,0.0,Toss-up,Moderate model agreement,medium,"The official model favors Nicolas Mejia, with mixed supporting signals. Treat this as a probabilistic edge rather than a certainty."
2026-06-29-wimbledon-round-of-128-111815-210116,Wimbledon,Grass,Round of 128,2026-06-29,111815,210116,Cameron Norrie,Michael Zheng,0.4704619121928273,0.5295380878071727,Michael Zheng,0.5295380878071727,Cameron Norrie,0.6501959415279567,False,Cameron Norrie,0.6038444,False,Cameron Norrie,0.5081967213114754,moderate visible edge,False,Cameron Norrie,0.5081967213114754,0.24590163934426232,pre-match Elo favors official underdog; surface pre-match Elo favors official underdog; ATP points favors official underdog; ATP ranking favors official underdog,0.0,Toss-up,Moderate model agreement,medium,"The official model favors Michael Zheng, with mixed supporting signals. Treat this as a probabilistic edge rather than a certainty."
2026-06-29-wimbledon-round-of-128-200221-207678,Wimbledon,Grass,Round of 128,2026-06-29,200221,207678,Alejandro Davidovich Fokina,Juan Manuel Cerundolo,0.8455391537252844,0.1544608462747155,Alejandro Davidovich Fokina,0.8455391537252844,Alejandro Davidovich Fokina,0.6572169683568944,True,Alejandro Davidovich Fokina,0.7480766,True,Alejandro Davidovich Fokina,1.0,strong visible edge,True,Alejandro Davidovich Fokina,1.0,1.0,,1.0,Moderate model confidence,Strong model agreement,low,"The official model favors Alejandro Davidovich Fokina, and the visible pre-match signals generally support that prediction."
2026-06-29-wimbledon-round-of-128-206681-202058,Wimbledon,Grass,Round of 128,2026-06-29,206681,202058,Fabian Marozsan,Thiago Agustin Tirante,0.73732253383186,0.26267746616814,Fabian Marozsan,0.73732253383186,Thiago Agustin Tirante,0.5030494768772285,False,Thiago Agustin Tirante,0.6320112,False,Mixed,-0.0714285714285715,mixed visible signals,False,Mixed,-0.0714285714285715,0.46428571428571425,ATP points favors official underdog; ATP ranking favors official underdog; recent 50-match form favors official underdog; recent 100-match form favors official underdog; visible signals are mixed,0.0,Lean,Moderate model agreement,medium,"The official model favors Fabian Marozsan, with mixed supporting signals. Treat this as a probabilistic edge rather than a certainty."
2026-06-29-wimbledon-round-of-128-105916-209414,Wimbledon,Grass,Round of 128,2026-06-29,105916,209414,Marton Fucsovics,Luca Van Assche,0.3864283303143255,0.6135716696856746,Luca Van Assche,0.6135716696856746,Luca Van Assche,0.5258184259040106,True,Luca Van Assche,0.5430249,True,Marton Fucsovics,0.8360655737704918,strong visible edge,False,Marton Fucsovics,0.8360655737704918,0.0819672131147541,pre-match Elo favors official underdog; surface pre-match Elo favors official underdog; ATP points favors official underdog; ATP ranking favors official underdog; recent 50-match form favors official underdog; recent 100-match form favors official underdog,0.6666666666666666,Lean,Moderate model agreement,medium,"The official model favors Luca Van Assche, with mixed supporting signals. Treat this as a probabilistic edge rather than a certainty."
2026-06-29-wimbledon-round-of-128-207494-210530,Wimbledon,Grass,Round of 128,2026-06-29,207494,210530,Dalibor Svrcina,Learner Tien,0.6506847097818226,0.3493152902181774,Dalibor Svrcina,0.6506847097818226,Learner Tien,0.795171107527605,False,Learner Tien,0.6133354,False,Learner Tien,-1.0,strong visible edge,False,Learner Tien,-1.0,0.0,pre-match Elo favors official underdog; surface pre-match Elo favors official underdog; ATP points favors official underdog; ATP ranking favors official underdog; recent 10-match form favors official underdog; recent 50-match form favors official underdog; recent 100-match form favors official underdog,0.0,Lean,Moderate model agreement,medium,"The official model favors Dalibor Svrcina, with mixed supporting signals. Treat this as a probabilistic edge rather than a certainty."
2026-06-29-wimbledon-round-of-128-126128-126094,Wimbledon,Grass,Round of 128,2026-06-29,126128,126094,Roman Safiullin,Andrey Rublev,0.4787435590460693,0.5212564409539306,Andrey Rublev,0.5212564409539306,Andrey Rublev,0.6638200200446598,True,Roman Safiullin,0.5321003,False,Andrey Rublev,-0.8360655737704918,strong visible edge,True,Andrey Rublev,-0.8360655737704918,0.9180327868852459,recent 10-match form favors official underdog,0.6666666666666666,Toss-up,Moderate model agreement,medium,"The official model favors Andrey Rublev, with mixed supporting signals. Treat this as a probabilistic edge rather than a certainty."
2026-06-29-wimbledon-round-of-128-122298-206499,Wimbledon,Grass,Round of 128,2026-06-29,122298,206499,Botic Van De Zandschulp,Aleksandar Kovacevic,0.6064795392109475,0.3935204607890524,Botic Van De Zandschulp,0.6064795392109475,Botic Van De Zandschulp,0.559315668499933,True,Botic Van De Zandschulp,0.7145506,True,Botic Van De Zandschulp,1.0,strong visible edge,True,Botic Van De Zandschulp,1.0,1.0,,1.0,Lean,Moderate model agreement,low,"The official model favors Botic Van De Zandschulp, with mixed supporting signals. Treat this as a probabilistic edge rather than a certainty."
2026-06-29-wimbledon-round-of-128-207411-208014,Wimbledon,Grass,Round of 128,2026-06-29,207411,208014,Jesper De Jong,Rinky Hijikata,0.652171721662972,0.347828278337028,Jesper De Jong,0.652171721662972,Rinky Hijikata,0.6256016262839682,False,Jesper De Jong,0.6433415,True,Mixed,-0.01639344262295076,mixed visible signals,False,Mixed,-0.01639344262295076,0.49180327868852464,pre-match Elo favors official underdog; surface pre-match Elo favors official underdog; recent 10-match form favors official underdog; visible signals are mixed,0.3333333333333333,Lean,Moderate model agreement,medium,"The official model favors Jesper De Jong, with mixed supporting signals. Treat this as a probabilistic edge rather than a certainty."
2026-06-29-wimbledon-round-of-128-105138-211663,Wimbledon,Grass,Round of 128,2026-06-29,105138,211663,Roberto Bautista Agut,Joao Fonseca,0.2252042185001601,0.7747957814998399,Joao Fonseca,0.7747957814998399,Joao Fonseca,0.7717094983826606,True,Joao Fonseca,0.80033594,True,Joao Fonseca,-0.6065573770491804,moderate visible edge,True,Joao Fonseca,-0.6065573770491804,0.8032786885245903,surface pre-match Elo favors official underdog,1.0,Moderate model confidence,Strong model agreement,low,"The official model favors Joao Fonseca, and the visible pre-match signals generally support that prediction."
2026-06-29-wimbledon-round-of-128-126239-210472,Wimbledon,Grass,Round of 128,2026-06-29,126239,210472,Arthur Rinderknech,Oliver Tarvet,0.9073640019579512,0.0926359980420489,Arthur Rinderknech,0.9073640019579512,Arthur Rinderknech,0.829191390236437,True,Arthur Rinderknech,0.8785755,True,Arthur Rinderknech,0.11475409836065577,lean visible edge,True,Arthur Rinderknech,0.11475409836065577,0.5573770491803279,surface pre-match Elo favors official underdog; recent 10-match form favors official underdog; recent 50-match form favors official underdog; recent 100-match form favors official underdog; visible signals are mixed,1.0,High model confidence,Moderate model agreement,medium,"The official model favors Arthur Rinderknech, with mixed supporting signals. Treat this as a probabilistic edge rather than a certainty."
2026-06-29-wimbledon-round-of-128-102093-105477,Wimbledon,Grass,Round of 128,2026-06-29,102093,105477,Martin Damm,Marco Trungelliti,0.5033235701840848,0.4966764298159152,Martin Damm,0.5033235701840848,Martin Damm,0.761051112153704,True,Martin Damm,0.79437184,True,Martin Damm,0.34426229508196715,moderate visible edge,True,Martin Damm,0.34426229508196715,0.6721311475409836,ATP points favors official underdog; ATP ranking favors official underdog,1.0,Toss-up,Moderate model agreement,low,"The official model favors Martin Damm, with mixed supporting signals. Treat this as a probabilistic edge rather than a certainty."
2026-06-29-wimbledon-round-of-128-126774-200384,Wimbledon,Grass,Round of 128,2026-06-29,126774,200384,Stefanos Tsitsipas,Hugo Gaston,0.1719464207730232,0.8280535792269768,Hugo Gaston,0.8280535792269768,Stefanos Tsitsipas,0.717093483402629,False,Hugo Gaston,0.63012445,True,Stefanos Tsitsipas,1.0,strong visible edge,False,Stefanos Tsitsipas,1.0,0.0,pre-match Elo favors official underdog; surface pre-match Elo favors official underdog; ATP points favors official underdog; ATP ranking favors official underdog; H2H favors official underdog; recent 50-match form favors official underdog; recent 100-match form favors official underdog,0.3333333333333333,Moderate model confidence,Low visible-signal agreement,high,"The official model favors Hugo Gaston, but several visible indicators point the other way. This prediction may require more cautious interpretation."
2026-06-29-wimbledon-round-of-128-200059-104925,Wimbledon,Grass,Round of 128,2026-06-29,200059,104925,Yibing Wu,Novak Djokovic,0.0588218799548773,0.9411781200451228,Novak Djokovic,0.9411781200451228,Novak Djokovic,0.8782171528364652,True,Novak Djokovic,0.9134635,True,Novak Djokovic,-1.0,strong visible edge,True,Novak Djokovic,-1.0,1.0,,1.0,High model confidence,Strong model agreement,medium,"The official model favors Novak Djokovic, and the visible pre-match signals generally support that prediction."
2026-06-29-wimbledon-round-of-128-200282-208882,Wimbledon,Grass,Round of 128,2026-06-29,200282,208882,Alex De Minaur,Roman Andres Burruchaga,0.9426580545068264,0.0573419454931735,Alex De Minaur,0.9426580545068264,Alex De Minaur,0.8545075624473223,True,Alex De Minaur,0.89639866,True,Alex De Minaur,1.0,strong visible edge,True,Alex De Minaur,1.0,1.0,,1.0,High model confidence,Strong model agreement,medium,"The official model favors Alex De Minaur, and the visible pre-match signals generally support that prediction."
2026-06-29-wimbledon-round-of-128-208169-105173,Wimbledon,Grass,Round of 128,2026-06-29,208169,105173,Titouan Droguet,Adrian Mannarino,0.2483337950446663,0.7516662049553336,Adrian Mannarino,0.7516662049553336,Adrian Mannarino,0.6220640222275575,True,Titouan Droguet,0.6021183,False,Adrian Mannarino,-0.5081967213114754,moderate visible edge,True,Adrian Mannarino,-0.5081967213114754,0.7540983606557377,recent 10-match form favors official underdog; recent 50-match form favors official underdog; recent 100-match form favors official underdog,0.6666666666666666,Moderate model confidence,Model-driven pick,medium,"The official model strongly favors Adrian Mannarino, but visible pre-match signals are mixed. Treat this as a model-driven prediction rather than a simple ranking or Elo edge."
2026-06-29-wimbledon-round-of-128-208260-208233,Wimbledon,Grass,Round of 128,2026-06-29,208260,208233,Zachary Svajda,Mattia Bellucci,0.0571794469904623,0.9428205530095376,Mattia Bellucci,0.9428205530095376,Mattia Bellucci,0.562488428400368,True,Mattia Bellucci,0.82723624,True,Mattia Bellucci,-0.28571428571428564,lean visible edge,True,Mattia Bellucci,-0.28571428571428564,0.6428571428571428,ATP points favors official underdog; ATP ranking favors official underdog; visible signals are mixed,1.0,High model confidence,Strong model agreement,medium,"The official model favors Mattia Bellucci, and the visible pre-match signals generally support that prediction."
2026-06-29-wimbledon-round-of-128-126214-111794,Wimbledon,Grass,Round of 128,2026-06-29,126214,111794,Alejandro Tabilo,Kamil Majchrzak,0.0630815289554173,0.9369184710445828,Kamil Majchrzak,0.9369184710445828,Alejandro Tabilo,0.5653888097512685,False,Kamil Majchrzak,0.8048595,True,Alejandro Tabilo,0.46875000000000006,moderate visible edge,False,Alejandro Tabilo,0.46875000000000006,0.265625,pre-match Elo favors official underdog; ATP points favors official underdog; ATP ranking favors official underdog; H2H favors official underdog; recent 100-match form favors official underdog,0.3333333333333333,High model confidence,High uncertainty despite high model confidence,high,"The model confidence is high, but auxiliary checks do not fully agree. Consider this a high-confidence model-driven pick with limited visible-signal support."
2026-06-29-wimbledon-round-of-128-111575-126129,Wimbledon,Grass,Round of 128,2026-06-29,111575,126129,Karen Khachanov,Billy Harris,0.2497040035685019,0.7502959964314981,Billy Harris,0.7502959964314981,Karen Khachanov,0.7442624863446827,False,Karen Khachanov,0.76336306,False,Karen Khachanov,1.0,strong visible edge,False,Karen Khachanov,1.0,0.0,pre-match Elo favors official underdog; surface pre-match Elo favors official underdog; ATP points favors official underdog; ATP ranking favors official underdog; recent 10-match form favors official underdog; recent 50-match form favors official underdog; recent 100-match form favors official underdog,0.0,Moderate model confidence,Low visible-signal agreement,high,"The official model favors Billy Harris, but several visible indicators point the other way. This prediction may require more cautious interpretation."
2026-06-29-wimbledon-round-of-128-208659-105870,Wimbledon,Grass,Round of 128,2026-06-29,208659,105870,Giovanni Mpetshi Perricard,Yannick Hanfmann,0.1892245231579492,0.8107754768420508,Yannick Hanfmann,0.8107754768420508,Giovanni Mpetshi Perricard,0.5591552449302999,False,Yannick Hanfmann,0.7321345,True,Yannick Hanfmann,-0.46875000000000006,moderate visible edge,True,Yannick Hanfmann,-0.46875000000000006,0.7343750000000001,surface pre-match Elo favors official underdog; recent 10-match form favors official underdog,0.6666666666666666,Moderate model confidence,Model-driven pick,medium,"The official model strongly favors Yannick Hanfmann, but visible pre-match signals are mixed. Treat this as a model-driven prediction rather than a simple ranking or Elo edge."
2026-06-29-wimbledon-round-of-128-134868-105902,Wimbledon,Grass,Round of 128,2026-06-29,134868,105902,Tallon Griekspoor,James Duckworth,0.9540114437873906,0.0459885562126094,Tallon Griekspoor,0.9540114437873906,Tallon Griekspoor,0.7665696872482455,True,Tallon Griekspoor,0.876333,True,Tallon Griekspoor,1.0,strong visible edge,True,Tallon Griekspoor,1.0,1.0,,1.0,High model confidence,Strong model agreement,medium,"The official model favors Tallon Griekspoor, and the visible pre-match signals generally support that prediction."
2026-06-29-wimbledon-round-of-128-208363-207925,Wimbledon,Grass,Round of 128,2026-06-29,208363,207925,Mariano Navone,Flavio Cobolli,0.7905296521097415,0.2094703478902585,Mariano Navone,0.7905296521097415,Flavio Cobolli,0.7527905099983585,False,Flavio Cobolli,0.71712846,False,Flavio Cobolli,-1.0,strong visible edge,False,Flavio Cobolli,-1.0,0.0,pre-match Elo favors official underdog; surface pre-match Elo favors official underdog; ATP points favors official underdog; ATP ranking favors official underdog; H2H favors official underdog; recent 50-match form favors official underdog; recent 100-match form favors official underdog,0.0,Moderate model confidence,Low visible-signal agreement,high,"The official model favors Mariano Navone, but several visible indicators point the other way. This prediction may require more cautious interpretation."
2026-06-29-wimbledon-round-of-128-210389-210150,Wimbledon,Grass,Round of 128,2026-06-29,210389,210150,Toby Samuel,Jakub Mensik,0.0743446120714624,0.9256553879285376,Jakub Mensik,0.9256553879285376,Jakub Mensik,0.7379375358427914,True,Jakub Mensik,0.85707223,True,Jakub Mensik,-1.0,strong visible edge,True,Jakub Mensik,-1.0,1.0,,1.0,High model confidence,Strong model agreement,medium,"The official model favors Jakub Mensik, and the visible pre-match signals generally support that prediction."
2026-06-29-wimbledon-round-of-128-105777-208013,Wimbledon,Grass,Round of 128,2026-06-29,105777,208013,Grigor Dimitrov,Dane Sweeny,0.8271691512561317,0.1728308487438683,Grigor Dimitrov,0.8271691512561317,Grigor Dimitrov,0.5884864955827053,True,Dane Sweeny,0.7203706,False,Grigor Dimitrov,0.18032786885245897,lean visible edge,True,Grigor Dimitrov,0.18032786885245897,0.5901639344262295,ATP points favors official underdog; ATP ranking favors official underdog; recent 10-match form favors official underdog; visible signals are mixed,0.6666666666666666,Moderate model confidence,Model-driven pick,medium,"The official model strongly favors Grigor Dimitrov, but visible pre-match signals are mixed. Treat this as a model-driven prediction rather than a simple ranking or Elo edge."
2026-06-29-wimbledon-round-of-128-104527-126610,Wimbledon,Grass,Round of 128,2026-06-29,104527,126610,Stan Wawrinka,Matteo Berrettini,0.194849807959552,0.805150192040448,Matteo Berrettini,0.805150192040448,Matteo Berrettini,0.8255759758032243,True,Matteo Berrettini,0.84012955,True,Matteo Berrettini,-1.0,strong visible edge,True,Matteo Berrettini,-1.0,1.0,,1.0,Moderate model confidence,Strong model agreement,low,"The official model favors Matteo Berrettini, and the visible pre-match signals generally support that prediction."
2026-06-29-wimbledon-round-of-128-209950-209920,Wimbledon,Grass,Round of 128,2026-06-29,209950,209920,Arthur Fils,Raphael Collignon,0.6071683927962831,0.3928316072037169,Arthur Fils,0.6071683927962831,Arthur Fils,0.6920929119744508,True,Arthur Fils,0.66384596,True,Arthur Fils,1.0,strong visible edge,True,Arthur Fils,1.0,1.0,,1.0,Lean,Moderate model agreement,low,"The official model favors Arthur Fils, with mixed supporting signals. Treat this as a probabilistic edge rather than a certainty."
2026-06-29-wimbledon-round-of-128-200005-200267,Wimbledon,Grass,Round of 128,2026-06-29,200005,200267,Ugo Humbert,Zizou Bergs,0.9316589406202892,0.0683410593797108,Ugo Humbert,0.9316589406202892,Ugo Humbert,0.6655229599636625,True,Ugo Humbert,0.71548676,True,Ugo Humbert,1.0,strong visible edge,True,Ugo Humbert,1.0,1.0,,1.0,High model confidence,Strong model agreement,medium,"The official model favors Ugo Humbert, and the visible pre-match signals generally support that prediction."
2026-06-29-wimbledon-round-of-128-200647-210262,Wimbledon,Grass,Round of 128,2026-06-29,200647,210262,Sho Shimabukuro,Jaime Faria,0.9300689692381428,0.0699310307618572,Sho Shimabukuro,0.9300689692381428,Jaime Faria,0.5274561432172791,False,Sho Shimabukuro,0.6784132,True,Jaime Faria,-1.0,strong visible edge,False,Jaime Faria,-1.0,0.0,pre-match Elo favors official underdog; surface pre-match Elo favors official underdog; ATP points favors official underdog; ATP ranking favors official underdog; recent 10-match form favors official underdog; recent 50-match form favors official underdog; recent 100-match form favors official underdog,0.3333333333333333,High model confidence,High uncertainty despite high model confidence,high,"The model confidence is high, but auxiliary checks do not fully agree. Consider this a high-confidence model-driven pick with limited visible-signal support."
2026-06-29-wimbledon-round-of-128-209259-106000,Wimbledon,Grass,Round of 128,2026-06-29,209259,106000,Arthur Fery,Damir Dzumhur,0.4025837700105869,0.597416229989413,Damir Dzumhur,0.597416229989413,Arthur Fery,0.5433497364032387,False,Damir Dzumhur,0.5882484,True,Damir Dzumhur,-0.6428571428571428,moderate visible edge,True,Damir Dzumhur,-0.6428571428571428,0.8214285714285714,recent 50-match form favors official underdog; recent 100-match form favors official underdog,0.6666666666666666,Toss-up,Moderate model agreement,medium,"The official model favors Damir Dzumhur, with mixed supporting signals. Treat this as a probabilistic edge rather than a certainty."
2026-06-29-wimbledon-round-of-128-202261-210097,Wimbledon,Grass,Round of 128,2026-06-29,202261,210097,Otto Virtanen,Ben Shelton,0.6913663450806173,0.3086336549193826,Otto Virtanen,0.6913663450806173,Ben Shelton,0.8014707273461282,False,Ben Shelton,0.67202544,False,Ben Shelton,-1.0,strong visible edge,False,Ben Shelton,-1.0,0.0,pre-match Elo favors official underdog; surface pre-match Elo favors official underdog; ATP points favors official underdog; ATP ranking favors official underdog; recent 10-match form favors official underdog; recent 50-match form favors official underdog; recent 100-match form favors official underdog,0.0,Lean,Moderate model agreement,medium,"The official model favors Otto Virtanen, with mixed supporting signals. Treat this as a probabilistic edge rather than a certainty."
2026-06-29-wimbledon-round-of-128-207733-126203,Wimbledon,Grass,Round of 128,2026-06-29,207733,126203,Jack Draper,Taylor Fritz,0.3958228823540263,0.6041771176459737,Taylor Fritz,0.6041771176459737,Taylor Fritz,0.6161753558863494,True,Taylor Fritz,0.6367786,True,Mixed,0.013333333333333332,mixed visible signals,False,Mixed,0.013333333333333332,0.4933333333333334,pre-match Elo favors official underdog; H2H favors official underdog; surface H2H favors official underdog; recent 50-match form favors official underdog; recent 100-match form favors official underdog; visible signals are mixed,0.6666666666666666,Lean,Moderate model agreement,medium,"The official model favors Taylor Fritz, with mixed supporting signals. Treat this as a probabilistic edge rather than a certainty."
2026-06-29-wimbledon-round-of-128-200516-111456,Wimbledon,Grass,Round of 128,2026-06-29,200516,111456,Patrick Kypson,Mackenzie Mcdonald,0.8752722642306902,0.1247277357693098,Patrick Kypson,0.8752722642306902,Mackenzie Mcdonald,0.5413760259124217,False,Mackenzie Mcdonald,0.51589036,False,Mackenzie Mcdonald,-0.34426229508196715,moderate visible edge,False,Mackenzie Mcdonald,-0.34426229508196715,0.3278688524590164,pre-match Elo favors official underdog; surface pre-match Elo favors official underdog; recent 10-match form favors official underdog; recent 50-match form favors official underdog; recent 100-match form favors official underdog,0.0,Moderate model confidence,Low visible-signal agreement,high,"The official model favors Patrick Kypson, but several visible indicators point the other way. This prediction may require more cautious interpretation."
2026-06-29-wimbledon-round-of-128-126127-209113,Wimbledon,Grass,Round of 128,2026-06-29,126127,209113,Benjamin Bonzi,Gabriel Diallo,0.4594895442162711,0.5405104557837289,Gabriel Diallo,0.5405104557837289,Gabriel Diallo,0.5661762859917425,True,Gabriel Diallo,0.7355628,True,Gabriel Diallo,-0.30434782608695654,lean visible edge,True,Gabriel Diallo,-0.30434782608695654,0.6521739130434783,pre-match Elo favors official underdog; recent 10-match form favors official underdog; recent 50-match form favors official underdog,1.0,Toss-up,Moderate model agreement,low,"The official model favors Gabriel Diallo, with mixed supporting signals. Treat this as a probabilistic edge rather than a certainty."
2026-06-29-wimbledon-round-of-128-144869-132283,Wimbledon,Grass,Round of 128,2026-06-29,144869,132283,Tomas Martin Etcheverry,Lorenzo Sonego,0.1065240589747698,0.8934759410252302,Lorenzo Sonego,0.8934759410252302,Tomas Martin Etcheverry,0.5092105998129621,False,Lorenzo Sonego,0.63580805,True,Tomas Martin Etcheverry,0.6065573770491804,moderate visible edge,False,Tomas Martin Etcheverry,0.6065573770491804,0.19672131147540983,pre-match Elo favors official underdog; ATP points favors official underdog; ATP ranking favors official underdog; recent 10-match form favors official underdog; recent 50-match form favors official underdog; recent 100-match form favors official underdog,0.3333333333333333,Moderate model confidence,Low visible-signal agreement,high,"The official model favors Lorenzo Sonego, but several visible indicators point the other way. This prediction may require more cautious interpretation."
2026-06-29-wimbledon-round-of-128-209279-126207,Wimbledon,Grass,Round of 128,2026-06-29,209279,126207,Terence Atmane,Frances Tiafoe,0.2069239626578933,0.7930760373421066,Frances Tiafoe,0.7930760373421066,Frances Tiafoe,0.6891831206068882,True,Frances Tiafoe,0.6804456,True,Frances Tiafoe,-1.0,strong visible edge,True,Frances Tiafoe,-1.0,1.0,,1.0,Moderate model confidence,Strong model agreement,low,"The official model favors Frances Tiafoe, and the visible pre-match signals generally support that prediction."
2026-06-29-wimbledon-round-of-128-123828-200240,Wimbledon,Grass,Round of 128,2026-06-29,123828,200240,Jan Choinski,Vit Kopriva,0.1234660016960008,0.8765339983039991,Vit Kopriva,0.8765339983039991,Vit Kopriva,0.5328533807953999,True,Vit Kopriva,0.88231874,True,Vit Kopriva,-1.0,strong visible edge,True,Vit Kopriva,-1.0,1.0,,1.0,Moderate model confidence,Strong model agreement,low,"The official model favors Vit Kopriva, and the visible pre-match signals generally support that prediction."
2026-06-29-wimbledon-round-of-128-208021-209147,Wimbledon,Grass,Round of 128,2026-06-29,208021,209147,Kyrian Jacquet,Vilius Gaubas,0.7454285114169489,0.2545714885830511,Kyrian Jacquet,0.7454285114169489,Kyrian Jacquet,0.512217180657789,True,Kyrian Jacquet,0.7734825,True,Vilius Gaubas,-0.11475409836065577,lean visible edge,False,Vilius Gaubas,-0.11475409836065577,0.4426229508196722,pre-match Elo favors official underdog; ATP points favors official underdog; ATP ranking favors official underdog; visible signals are mixed,0.6666666666666666,Lean,Moderate model agreement,medium,"The official model favors Kyrian Jacquet, with mixed supporting signals. Treat this as a probabilistic edge rather than a certainty."
2026-06-29-wimbledon-round-of-128-106423-122330,Wimbledon,Grass,Round of 128,2026-06-29,106423,122330,Thanasi Kokkinakis,Alexander Bublik,0.6809703524633806,0.3190296475366194,Thanasi Kokkinakis,0.6809703524633806,Alexander Bublik,0.8454137614396644,False,Alexander Bublik,0.7640509,False,Alexander Bublik,-0.6231884057971014,moderate visible edge,False,Alexander Bublik,-0.6231884057971014,0.1884057971014493,pre-match Elo favors official underdog; surface pre-match Elo favors official underdog; ATP points favors official underdog; ATP ranking favors official underdog; recent 50-match form favors official underdog; recent 100-match form favors official underdog,0.0,Lean,Moderate model agreement,medium,"The official model favors Thanasi Kokkinakis, with mixed supporting signals. Treat this as a probabilistic edge rather than a certainty."
2026-06-29-wimbledon-round-of-128-200615-208103,Wimbledon,Grass,Round of 128,2026-06-29,200615,208103,Alexei Popyrin,Jiri Lehecka,0.4357935351003218,0.5642064648996782,Jiri Lehecka,0.5642064648996782,Jiri Lehecka,0.7952800787746706,True,Jiri Lehecka,0.9110696,True,Jiri Lehecka,-1.0,strong visible edge,True,Jiri Lehecka,-1.0,1.0,,1.0,Toss-up,Moderate model agreement,low,"The official model favors Jiri Lehecka, with mixed supporting signals. Treat this as a probabilistic edge rather than a certainty."
2026-06-29-wimbledon-round-of-128-144684-127157,Wimbledon,Grass,Round of 128,2026-06-29,144684,127157,Alex Molcan,Daniel Altmaier,0.7995244568447646,0.2004755431552354,Alex Molcan,0.7995244568447646,Daniel Altmaier,0.5911358201620223,False,Alex Molcan,0.8174899,True,Alex Molcan,0.42028985507246375,moderate visible edge,True,Alex Molcan,0.42028985507246375,0.7101449275362318,ATP points favors official underdog; ATP ranking favors official underdog,0.6666666666666666,Moderate model confidence,Model-driven pick,medium,"The official model strongly favors Alex Molcan, but visible pre-match signals are mixed. Treat this as a model-driven prediction rather than a simple ranking or Elo edge."
2026-06-29-wimbledon-round-of-128-210506-207985,Wimbledon,Grass,Round of 128,2026-06-29,210506,207985,Alex Michelsen,Jacob Fearnley,0.887012379004773,0.1129876209952269,Alex Michelsen,0.887012379004773,Alex Michelsen,0.7721458982608336,True,Alex Michelsen,0.76808673,True,Alex Michelsen,1.0,strong visible edge,True,Alex Michelsen,1.0,1.0,,1.0,Moderate model confidence,Strong model agreement,low,"The official model favors Alex Michelsen, and the visible pre-match signals generally support that prediction."
2026-06-29-wimbledon-round-of-128-202103-144719,Wimbledon,Grass,Round of 128,2026-06-29,202103,144719,Francisco Cerundolo,Jaume Munar,0.1083115314924547,0.8916884685075452,Jaume Munar,0.8916884685075452,Francisco Cerundolo,0.6423417202666626,False,Francisco Cerundolo,0.8115999,False,Francisco Cerundolo,1.0,strong visible edge,False,Francisco Cerundolo,1.0,0.0,pre-match Elo favors official underdog; surface pre-match Elo favors official underdog; ATP points favors official underdog; ATP ranking favors official underdog; H2H favors official underdog; recent 10-match form favors official underdog; recent 50-match form favors official underdog; recent 100-match form favors official underdog,0.0,Moderate model confidence,Low visible-signal agreement,high,"The official model favors Jaume Munar, but several visible indicators point the other way. This prediction may require more cautious interpretation."
2026-06-29-wimbledon-round-of-128-208286-111460,Wimbledon,Grass,Round of 128,2026-06-29,208286,111460,Matteo Arnaldi,Quentin Halys,0.93290646493253,0.06709353506747,Matteo Arnaldi,0.93290646493253,Matteo Arnaldi,0.6132838366502906,True,Matteo Arnaldi,0.7707602,True,Matteo Arnaldi,0.6065573770491804,moderate visible edge,True,Matteo Arnaldi,0.6065573770491804,0.8032786885245903,surface pre-match Elo favors official underdog,1.0,High model confidence,Strong model agreement,medium,"The official model favors Matteo Arnaldi, and the visible pre-match signals generally support that prediction."
2026-06-29-wimbledon-round-of-128-106218-144895,Wimbledon,Grass,Round of 128,2026-06-29,106218,144895,Marcos Giron,Corentin Moutet,0.0721165027410589,0.927883497258941,Corentin Moutet,0.927883497258941,Corentin Moutet,0.5376834277347051,True,Corentin Moutet,0.68497884,True,Corentin Moutet,-0.625,moderate visible edge,True,Corentin Moutet,-0.625,0.8125000000000001,surface pre-match Elo favors official underdog,1.0,High model confidence,Strong model agreement,medium,"The official model favors Corentin Moutet, and the visible pre-match signals generally support that prediction."
2026-06-29-wimbledon-round-of-128-208316-207784,Wimbledon,Grass,Round of 128,2026-06-29,208316,207784,Valentin Royer,Harry Wendelken,0.9232007716343832,0.0767992283656169,Valentin Royer,0.9232007716343832,Valentin Royer,0.6374708471609124,True,Valentin Royer,0.824827,True,Harry Wendelken,-0.34426229508196715,moderate visible edge,False,Harry Wendelken,-0.34426229508196715,0.3278688524590164,pre-match Elo favors official underdog; surface pre-match Elo favors official underdog; recent 10-match form favors official underdog; recent 50-match form favors official underdog; recent 100-match form favors official underdog,0.6666666666666666,High model confidence,Low visible-signal agreement,high,"The official model favors Valentin Royer, but several visible indicators point the other way. This prediction may require more cautious interpretation."
2026-06-29-wimbledon-round-of-128-210696-100644,Wimbledon,Grass,Round of 128,2026-06-29,210696,100644,Alexander Blockx,Alexander Zverev,0.3817398099083384,0.6182601900916616,Alexander Zverev,0.6182601900916616,Alexander Zverev,0.833420298199907,True,Alexander Zverev,0.873997,True,Alexander Zverev,-1.0,strong visible edge,True,Alexander Zverev,-1.0,1.0,,1.0,Lean,Moderate model agreement,low,"The official model favors Alexander Zverev, with mixed supporting signals. Treat this as a probabilistic edge rather than a certainty."
