probability_bin,rows,mean_probability,actual_positive_rate,accuracy
"(-0.001, 0.1]",631,0.041000247,0.0301109350237717,0.9698890649762282
"(0.1, 0.2]",249,0.14596738,0.1485943775100401,0.8514056224899599
"(0.2, 0.3]",194,0.2460264,0.2474226804123711,0.7525773195876289
"(0.3, 0.4]",136,0.34810802,0.3308823529411764,0.6691176470588235
"(0.4, 0.5]",134,0.44736707,0.4402985074626865,0.5597014925373134
"(0.5, 0.6]",141,0.547792,0.4964539007092198,0.4964539007092198
"(0.6, 0.7]",149,0.653449,0.6442953020134228,0.6442953020134228
"(0.7, 0.8]",185,0.7480823,0.7189189189189189,0.7189189189189189
"(0.8, 0.9]",275,0.85392,0.84,0.84
"(0.9, 1.0]",669,0.9581605,0.9402092675635276,0.9402092675635276
