tournament_id,tournament_slug,tournament_name,year,surface,tournament_date,start_date,end_date,location,country,draw_size,prize_money,last_winner,has_completed_matches,has_predictions,completed_matches_count,predictions_count
2026-9900,united-cup-2026-hard,United Cup,2026,Hard,2026-01-02,2026-01-02,2026-01-11,"Perth-Sydney, Australia",,18,"$5,903,345",Hubert Hurkacz,True,False,25,0
2026-0339,brisbane-australia-2026-hard,Brisbane International presented by ANZ,2026,Hard,2026-01-04,2026-01-04,2026-01-11,"Brisbane, Australia",,32,"$800,045",Daniil Medvedev,True,False,31,0
2026-0336,hong-kong-hong-kong-2026-hard,Bank of China Hong Kong Tennis Open,2026,Hard,2026-01-05,2026-01-05,2026-01-11,"Hong Kong, Hong Kong",,28,"$700,045",Alexander Bublik,True,False,27,0
2026-8998,adelaide-australia-2026-hard,Adelaide International,2026,Hard,2026-01-12,2026-01-12,2026-01-17,"Adelaide, Australia",,28,"$700,045",Tomas Machac,True,False,27,0
2026-0301,auckland-new-zealand-2026-hard,ASB Classic,2026,Hard,2026-01-12,2026-01-12,2026-01-17,"Auckland, New Zealand",,28,"$700,045",Jakub Mensik,True,False,27,0
2026-0580,australian-open-2026-hard,Australian Open,2026,Hard,2026-01-18,2026-01-18,2026-02-01,"Melbourne, Australia",,128,"A$49,171,000",Carlos Alcaraz,True,False,127,0
2026-0375,montpellier-france-2026-hard,Open Occitanie,2026,Hard,2026-02-02,2026-02-02,2026-02-08,"Montpellier, France",,28,"€612,620",Felix Auger Aliassime,True,False,27,0
2026-8096,davis-cup-qualifiers-1st-rd-2026,Davis Cup Qualifiers 1st Rd,2026,,2026-02-05,2026-02-05,2026-02-08,"Multiple Locations,",,4,$0,,True,False,128,0
2026-0506,buenos-aires-argentina-2026-clay,IEB+ Argentina Open,2026,Clay,2026-02-09,2026-02-09,2026-02-15,"Buenos Aires, Argentina",,28,"$675,310",Francisco Cerundolo,True,False,27,0
2026-0424,dallas-united-states-2026-hard,Nexo Dallas Open,2026,Hard,2026-02-09,2026-02-09,2026-02-15,"Dallas, United States",,32,"$2,833,335",Ben Shelton,True,False,31,0
2026-0407,rotterdam-netherlands-2026-hard,ABN AMRO Open,2026,Hard,2026-02-09,2026-02-09,2026-02-15,"Rotterdam, Netherlands",,32,"€2,462,660",Alex De Minaur,True,False,31,0
2026-0499,delray-beach-united-states-2026-hard,Delray Beach Open,2026,Hard,2026-02-16,2026-02-16,2026-02-22,"Delray Beach, United States",,28,"$700,045",Sebastian Korda,True,False,27,0
2026-0451,doha-qatar-2026-hard,Qatar ExxonMobil Open,2026,Hard,2026-02-16,2026-02-16,2026-02-21,"Doha, Qatar",,32,"$2,833,335",Carlos Alcaraz,True,False,31,0
2026-6932,rio-de-janeiro-brazil-2026-clay,Rio Open presented by Claro,2026,Clay,2026-02-16,2026-02-16,2026-02-22,"Rio de Janeiro, Brazil",,32,"$2,469,450",Tomas Martin Etcheverry,True,False,31,0
2026-0807,acapulco-mexico-2026-hard,Abierto Mexicano Telcel presentado por HSBC,2026,Hard,2026-02-23,2026-02-23,2026-02-28,"Acapulco, Mexico",,32,"$2,469,450",Flavio Cobolli,True,False,31,0
2026-0495,dubai-united-arab-emirates-2026-hard,Dubai Duty Free Tennis Championships,2026,Hard,2026-02-23,2026-02-23,2026-02-28,"Dubai, United Arab Emirates",,32,"$3,311,005",Daniil Medvedev,True,False,31,0
2026-8996,santiago-chile-2026-clay,BCI Seguros Chile Open,2026,Clay,2026-02-23,2026-02-23,2026-03-01,"Santiago, Chile",,28,"$700,045",Luciano Darderi,True,False,27,0
2026-0404,indian-wells-united-states-2026-hard,BNP Paribas Open,2026,Hard,2026-03-04,2026-03-04,2026-03-15,"Indian Wells,",,96,"$9,415,725",Jannik Sinner,True,False,95,0
2026-0403,miami-united-states-2026-hard,Miami Open presented by Itau,2026,Hard,2026-03-18,2026-03-18,2026-03-29,"Miami, United States",,96,"$9,415,725",Jannik Sinner,True,False,95,0
2026-4462,bucharest-romania-2026-clay,Tiriac Open presented by UniCredit Bank,2026,Clay,2026-03-30,2026-03-30,2026-04-05,"Bucharest, Romania",,28,"€612,620",Mariano Navone,True,False,27,0
2026-0717,houston-united-states-2026-clay,Fayez Sarofim & Co. U.S. Men's Clay Court Championship,2026,Clay,2026-03-30,2026-03-30,2026-04-05,"Houston, United States",,28,"$700,045",Tommy Paul,True,False,27,0
2026-0360,marrakech-morocco-2026-clay,Grand Prix Hassan II,2026,Clay,2026-03-30,2026-03-30,2026-04-05,"Marrakech, Morocco",,28,"€612,620",Rafael Jodar,True,False,27,0
2026-0410,montecarlo-monaco-2026-clay,Rolex Monte-Carlo Masters,2026,Clay,2026-04-05,2026-04-05,2026-04-12,"Monte-Carlo, Monaco",,56,"€6,309,095",Jannik Sinner,True,False,55,0
2026-0425,barcelona-spain-2026-clay,Barcelona Open Banc Sabadell,2026,Clay,2026-04-13,2026-04-13,2026-04-19,"Barcelona, Spain",,32,"€2,950,310",Arthur Fils,True,False,31,0
2026-0308,munich-germany-2026-clay,BMW Open by Bitpanda,2026,Clay,2026-04-13,2026-04-13,2026-04-19,"Munich, Germany",,32,"€2,561,110",Ben Shelton,True,False,31,0
2026-1536,madrid-spain-2026-clay,Mutua Madrid Open,2026,Clay,2026-04-22,2026-04-22,2026-05-03,"Madrid, Spain",,96,"€8,235,540",Jannik Sinner,True,False,95,0
2026-0416,rome-italy-2026-clay,Internazionali BNL d'Italia,2026,Clay,2026-05-06,2026-05-06,2026-05-17,"Rome, Italy",,96,"€8,235,540",Jannik Sinner,True,False,95,0
2026-0322,geneva-switzerland-2026-clay,Gonet Geneva Open,2026,Clay,2026-05-17,2026-05-17,2026-05-23,"Geneva, Switzerland",,28,"€612,620",Learner Tien,True,False,27,0
2026-0414,hamburg-germany-2026-clay,Bitpanda Hamburg Open,2026,Clay,2026-05-17,2026-05-17,2026-05-23,"Hamburg, Germany",,32,"€2,219,670",Ignacio Buse,True,False,31,0
2026-0520,roland-garros-2026-clay,Roland Garros,2026,Clay,2026-05-24,2026-05-24,2026-06-07,"Paris, France",,128,"€28,900,000",Alexander Zverev,True,False,225,0
2026-0321,stuttgart-germany-2026-grass,BOSS OPEN,2026,Grass,2026-06-08,2026-06-08,2026-06-14,"Stuttgart, Germany",,28,"€768,220",Ben Shelton,True,False,39,0
2026-0440,shertogenbosch-netherlands-2026-grass,Libema Open,2026,Grass,2026-06-08,2026-06-08,2026-06-14,"'s-Hertogenbosch, Netherlands",,28,"€723,435",Kamil Majchrzak,True,False,39,0
2026-0500,halle-germany-2026-grass,Terra Wortmann Open,2026,Grass,2026-06-15,2026-06-15,2026-06-21,"Halle, Germany",,32,"€2,583,330",Frances Tiafoe,True,False,43,0
2026-0311,london-great-britain-2026-grass,HSBC Championships,2026,Grass,2026-06-15,2026-06-15,2026-06-21,"London, Great Britain",,32,"€2,583,330",Francisco Cerundolo,True,False,43,0
2026-8994,mallorca-spain-2026-grass,Vanda Pharmaceuticals Mallorca Championships,2026,Grass,2026-06-21,2026-06-21,2026-06-27,"Mallorca, Spain",,28,"€612,620",Alejandro Davidovich Fokina,True,False,39,0
2026-0741,eastbourne-great-britain-2026-grass,Lexus Eastbourne Open,2026,Grass,2026-06-22,2026-06-22,2026-06-27,"Eastbourne, Great Britain",,28,"€773,465",Zizou Bergs,True,False,39,0
2026-0540,wimbledon-2026-grass,Wimbledon,2026,Grass,2026-06-29,2026-06-29,2026-07-12,"London, Great Britain",,128,"£30,060,000",Jannik Sinner,True,False,239,0
2026-0316,bastad-sweden-2026-clay,Nordea Open,2026,Clay,2026-07-13,2026-07-13,2026-07-19,"Bastad, Sweden",,28,"€612,620",Andrey Rublev,True,False,38,0
2026-0314,gstaad-switzerland-2026-clay,EFG Swiss Open Gstaad,2026,Clay,2026-07-13,2026-07-13,2026-07-19,"Gstaad, Switzerland",,28,"€612,620",Stefanos Tsitsipas,True,False,39,0
2026-0439,umag-croatia-2026-clay,Plava Laguna Croatia Open Umag,2026,Clay,2026-07-13,2026-07-13,2026-07-18,"Umag, Croatia",,28,"€612,620",Daniel Merida Aguilar,True,False,39,0
2026-7290,estoril-portugal-2026-clay,Millennium Estoril Open,2026,Clay,2026-07-20,2026-07-20,2026-07-26,"Estoril, Portugal",,28,"€612,620",Luca Van Assche,True,False,39,0
2026-0319,kitzbuhel-austria-2026-clay,Generali Open,2026,Clay,2026-07-20,2026-07-20,2026-07-25,"Kitzbuhel, Austria",,28,"€612,620",Quentin Halys,True,False,39,0
2026-7480,los-cabos-mexico-2026-hard,Mifel Tennis Open by Telcel Oppo,2026,Hard,2026-07-27,2026-07-27,2026-08-01,"Los Cabos, Mexico",,28,"$909,790",Arthur Gea,True,False,38,0
2026-0418,washington-united-states-2026-hard,Mubadala DC Open,2026,Hard,2026-07-27,2026-07-27,2026-08-02,"Washington, United States",,32,"$2,469,450",Taylor Fritz,True,False,49,0
2026-0421,montreal-canada-2026-hard,Omnium Banque Nationale présenté par Rogers,2026,Hard,2026-08-02,2026-08-02,2026-08-13,"Montreal, Canada",,96,"$9,415,724",Ben Shelton,True,False,110,0
2026-0422,cincinnati-united-states-2026-hard,Cincinnati Open,2026,Hard,2026-08-13,2026-08-13,2026-08-23,"Cincinnati, United States",,96,"$9,415,725",Arthur Fils,True,False,131,0
2026-6242,winstonsalem-united-states-2026-hard,Winston-Salem Open,2026,Hard,2026-08-23,2026-08-23,2026-08-29,"Winston-Salem, United States",,48,"$818,240",Ignacio Buse,True,False,59,0
2026-0560,us-open-2026-hard,US Open,2026,Hard,2026-08-30,2026-08-30,2026-09-13,"New York, United States",,128,"$47,540,000",Alexander Zverev,True,False,239,0
2026-8097,davis-cup-qualifiers-2nd-rd-2026-hard,Davis Cup Qualifiers 2nd Rd,2026,Hard,2026-09-18,2026-09-18,2026-09-20,"Davis Cup,",,2,$0,,True,False,21,0
2026-7581,chengdu-china-2026-hard,Chengdu Open,2026,Hard,2026-09-23,2026-09-23,2026-09-29,"Chengdu, China",,28,"$1,210,115",Alejandro Davidovich Fokina,True,False,39,0
2026-4713,hangzhou-china-2026-hard,AITO Hangzhou Open,2026,Hard,2026-09-23,2026-09-23,2026-09-29,"Hangzhou, China",,28,"$1,039,090",Daniil Medvedev,True,False,39,0
2026-9210,laver-cup-2026-hard,Laver Cup,2026,Hard,2026-09-25,2026-09-25,2026-09-27,"London, Great Britain",,12,$0,,True,False,7,0
2026-0747,beijing-china-2026-hard,China Open,2026,Hard,2026-09-30,2026-09-30,2026-10-06,"Beijing, China",,32,"$4,089,385",Jannik Sinner,True,False,40,0
2026-0329,tokyo-japan-2026-hard,Kinoshita Group Japan Open Tennis Championships,2026,Hard,2026-09-30,2026-09-30,2026-10-06,"Tokyo, Japan",,32,"$2,342,275",Carlos Alcaraz,True,False,40,0
2025-0496,marseille-2025-hard,Marseille,2025,Hard,2025-02-10,2025-02-10,2025-02-10,,,28,,Ugo Humbert,True,False,27,0
2025-5014,shanghai-masters-2025-hard,Shanghai Masters,2025,Hard,2025-10-01,2025-10-01,2025-10-01,,,96,,Valentin Vacherot,True,False,95,0
2025-9410,almaty-2025-hard,Almaty,2025,Hard,2025-10-13,2025-10-13,2025-10-13,,,28,,Daniil Medvedev,True,False,27,0
2025-7485,brussels-2025-hard,Brussels,2025,Hard,2025-10-13,2025-10-13,2025-10-13,,,28,,Felix Auger Aliassime,True,False,27,0
2025-0429,stockholm-2025-hard,Stockholm,2025,Hard,2025-10-13,2025-10-13,2025-10-13,,,28,,Casper Ruud,True,False,27,0
2025-0328,basel-2025-hard,Basel,2025,Hard,2025-10-20,2025-10-20,2025-10-20,,,32,,Joao Fonseca,True,False,31,0
2025-0337,vienna-2025-hard,Vienna,2025,Hard,2025-10-20,2025-10-20,2025-10-20,,,32,,Jannik Sinner,True,False,31,0
2025-0352,paris-masters-2025-hard,Paris Masters,2025,Hard,2025-10-27,2025-10-27,2025-10-27,,,56,,Jannik Sinner,True,False,55,0
2025-5100,athens-2025-hard,Athens,2025,Hard,2025-11-02,2025-11-02,2025-11-02,,,28,,Novak Djokovic,True,False,27,0
2025-0341,metz-2025-hard,Metz,2025,Hard,2025-11-02,2025-11-02,2025-11-02,,,28,,Learner Tien,True,False,27,0
2025-0605,tour-finals-2025-hard,Tour Finals,2025,Hard,2025-11-09,2025-11-09,2025-11-09,,,8,,Jannik Sinner,True,False,15,0
2025-7696,next-gen-finals-2025-hard,Next Gen Finals,2025,Hard,2025-12-17,2025-12-17,2025-12-17,,,8,,Learner Tien,True,False,15,0
