tournament_id,tournament_slug,tournament_name,year,match_date,surface,round,round_raw,round_display,round_order,id_num,draw_match_number,draw_position_source,source_match_num,player_1_id,player_1_name,player_2_id,player_2_name,winner_id,winner_name,score,source_split,match_id,has_match_statistics
2026-4713,hangzhou-china-2026-hard,AITO Hangzhou Open,2026,2026-09-23,Hard,Round of 32,Round of 32 - Center Court,Round of 32,30,MS017,17.0,atp_stats_link,,208316,Valentin Royer,200443,Adam Walton,208316,Valentin Royer,6-3 6-4,raw_current_year,2026-09-23-hangzhou-china-2026-hard-round-of-32-208316-200443,true
2026-4713,hangzhou-china-2026-hard,AITO Hangzhou Open,2026,2026-09-23,Hard,Round of 32,Round of 32 - Center Court,Round of 32,30,MS018,18.0,atp_stats_link,,209409,Coleman Wong,111190,Zhizhen Zhang,209409,Coleman Wong,6-3 6-3,raw_current_year,2026-09-23-hangzhou-china-2026-hard-round-of-32-209409-111190,true
2026-4713,hangzhou-china-2026-hard,AITO Hangzhou Open,2026,2026-09-23,Hard,Round of 32,Round of 32 - Center Court,Round of 32,30,MS019,19.0,atp_stats_link,,209226,Adolfo Daniel Vallejo,200666,Jie Cui,209226,Adolfo Daniel Vallejo,6-1 6-7(2) 6-4,raw_current_year,2026-09-23-hangzhou-china-2026-hard-round-of-32-209226-200666,true
2026-4713,hangzhou-china-2026-hard,AITO Hangzhou Open,2026,2026-09-23,Hard,Round of 32,Round of 32 - Court 1,Round of 32,30,MS021,21.0,atp_stats_link,,126128,Roman Safiullin,111806,Fajing Sun,126128,Roman Safiullin,6-2 6-0,raw_current_year,2026-09-23-hangzhou-china-2026-hard-round-of-32-126128-111806,true
2026-4713,hangzhou-china-2026-hard,AITO Hangzhou Open,2026,2026-09-23,Hard,Round of 32,Round of 32 - Center Court,Round of 32,30,MS022,22.0,atp_stats_link,,207352,Bu Yunchaokete,210116,Michael Zheng,207352,Bu Yunchaokete,6-4 6-3,raw_current_year,2026-09-23-hangzhou-china-2026-hard-round-of-32-207352-210116,true
2026-4713,hangzhou-china-2026-hard,AITO Hangzhou Open,2026,2026-09-23,Hard,Round of 32,Round of 32 - Court 1,Round of 32,30,MS023,23.0,atp_stats_link,,111794,Kamil Majchrzak,208233,Mattia Bellucci,111794,Kamil Majchrzak,6-3 6-4,raw_current_year,2026-09-23-hangzhou-china-2026-hard-round-of-32-111794-208233,true
2026-4713,hangzhou-china-2026-hard,AITO Hangzhou Open,2026,2026-09-23,Hard,Round of 32,Round of 32 - Court 1,Round of 32,30,MS024,24.0,atp_stats_link,,206681,Fabian Marozsan,106109,Alex Bolt,206681,Fabian Marozsan,6-4 6-2,raw_current_year,2026-09-23-hangzhou-china-2026-hard-round-of-32-206681-106109,true
2026-4713,hangzhou-china-2026-hard,AITO Hangzhou Open,2026,2026-09-23,Hard,Round of 32,Round of 32 - Court 2,Round of 32,30,MS025,25.0,atp_stats_link,,106121,Taro Daniel,208013,Dane Sweeny,106121,Taro Daniel,7-6(6) 6-2,raw_current_year,2026-09-23-hangzhou-china-2026-hard-round-of-32-106121-208013,true
2026-4713,hangzhou-china-2026-hard,AITO Hangzhou Open,2026,2026-09-23,Hard,Round of 32,Round of 32 - Center Court,Round of 32,30,MS026,26.0,atp_stats_link,,208021,Kyrian Jacquet,126846,Aleksandar Vukic,208021,Kyrian Jacquet,7-6(5) 3-6 6-3,raw_current_year,2026-09-23-hangzhou-china-2026-hard-round-of-32-208021-126846,true
2026-4713,hangzhou-china-2026-hard,AITO Hangzhou Open,2026,2026-09-23,Hard,Round of 32,Round of 32 - Center Court,Round of 32,30,MS028,28.0,atp_stats_link,,210262,Jaime Faria,209279,Terence Atmane,210262,Jaime Faria,3-6 7-6(9) 6-4,raw_current_year,2026-09-23-hangzhou-china-2026-hard-round-of-32-210262-209279,true
2026-4713,hangzhou-china-2026-hard,AITO Hangzhou Open,2026,2026-09-23,Hard,Round of 32,Round of 32 - Court 1,Round of 32,30,MS029,29.0,atp_stats_link,,200384,Hugo Gaston,200647,Sho Shimabukuro,200384,Hugo Gaston,6-4 6-4,raw_current_year,2026-09-23-hangzhou-china-2026-hard-round-of-32-200384-200647,true
2026-4713,hangzhou-china-2026-hard,AITO Hangzhou Open,2026,2026-09-23,Hard,Round of 32,Round of 32 - Court 2,Round of 32,30,MS030,30.0,atp_stats_link,,208014,Rinky Hijikata,207494,Dalibor Svrcina,208014,Rinky Hijikata,7-6(4) 6-4,raw_current_year,2026-09-23-hangzhou-china-2026-hard-round-of-32-208014-207494,true
2026-4713,hangzhou-china-2026-hard,AITO Hangzhou Open,2026,2026-09-23,Hard,Round of 16,Round of 16 - Center Court,Round of 16,40,MS008,8.0,atp_stats_link,,106421,Daniil Medvedev,208316,Valentin Royer,106421,Daniil Medvedev,7-6(6) 6-3,raw_current_year,2026-09-23-hangzhou-china-2026-hard-round-of-16-106421-208316,true
2026-4713,hangzhou-china-2026-hard,AITO Hangzhou Open,2026,2026-09-23,Hard,Round of 16,Round of 16 - Center Court,Round of 16,40,MS009,9.0,atp_stats_link,,209409,Coleman Wong,209226,Adolfo Daniel Vallejo,209409,Coleman Wong,7-6(2) 4-6 6-3,raw_current_year,2026-09-23-hangzhou-china-2026-hard-round-of-16-209409-209226,true
2026-4713,hangzhou-china-2026-hard,AITO Hangzhou Open,2026,2026-09-23,Hard,Round of 16,Round of 16 - Center Court,Round of 16,40,MS010,10.0,atp_stats_link,,126128,Roman Safiullin,111460,Quentin Halys,126128,Roman Safiullin,5-7 6-3 6-4,raw_current_year,2026-09-23-hangzhou-china-2026-hard-round-of-16-126128-111460,true
2026-4713,hangzhou-china-2026-hard,AITO Hangzhou Open,2026,2026-09-23,Hard,Round of 16,Round of 16 - Center Court,Round of 16,40,MS011,11.0,atp_stats_link,,207352,Bu Yunchaokete,111794,Kamil Majchrzak,207352,Bu Yunchaokete,7-6(4) 6-7(5) 6-2,raw_current_year,2026-09-23-hangzhou-china-2026-hard-round-of-16-207352-111794,true
2026-4713,hangzhou-china-2026-hard,AITO Hangzhou Open,2026,2026-09-23,Hard,Round of 16,Round of 16 - Center Court,Round of 16,40,MS012,12.0,atp_stats_link,,206681,Fabian Marozsan,106121,Taro Daniel,206681,Fabian Marozsan,6-7(2) 7-5 7-6(1),raw_current_year,2026-09-23-hangzhou-china-2026-hard-round-of-16-206681-106121,true
2026-4713,hangzhou-china-2026-hard,AITO Hangzhou Open,2026,2026-09-23,Hard,Round of 16,Round of 16 - Center Court,Round of 16,40,MS013,13.0,atp_stats_link,,208021,Kyrian Jacquet,144869,Tomas Martin Etcheverry,208021,Kyrian Jacquet,6-2 6-3,raw_current_year,2026-09-23-hangzhou-china-2026-hard-round-of-16-208021-144869,true
2026-4713,hangzhou-china-2026-hard,AITO Hangzhou Open,2026,2026-09-23,Hard,Round of 16,Round of 16 - Center Court,Round of 16,40,MS014,14.0,atp_stats_link,,200384,Hugo Gaston,210262,Jaime Faria,200384,Hugo Gaston,4-6 7-6(5) 6-4,raw_current_year,2026-09-23-hangzhou-china-2026-hard-round-of-16-200384-210262,true
2026-4713,hangzhou-china-2026-hard,AITO Hangzhou Open,2026,2026-09-23,Hard,Round of 16,Round of 16 - Center Court,Round of 16,40,MS015,15.0,atp_stats_link,,126094,Andrey Rublev,208014,Rinky Hijikata,126094,Andrey Rublev,6-3 6-3,raw_current_year,2026-09-23-hangzhou-china-2026-hard-round-of-16-126094-208014,true
2026-4713,hangzhou-china-2026-hard,AITO Hangzhou Open,2026,2026-09-23,Hard,Quarterfinals,Quarterfinals - Center Court,Quarterfinals,50,MS004,4.0,atp_stats_link,,106421,Daniil Medvedev,209409,Coleman Wong,106421,Daniil Medvedev,6-3 6-7(2) 6-3,raw_current_year,2026-09-23-hangzhou-china-2026-hard-quarterfinals-106421-209409,true
2026-4713,hangzhou-china-2026-hard,AITO Hangzhou Open,2026,2026-09-23,Hard,Quarterfinals,Quarterfinals - Center Court,Quarterfinals,50,MS005,5.0,atp_stats_link,,126128,Roman Safiullin,207352,Bu Yunchaokete,126128,Roman Safiullin,6-3 6-3,raw_current_year,2026-09-23-hangzhou-china-2026-hard-quarterfinals-126128-207352,true
2026-4713,hangzhou-china-2026-hard,AITO Hangzhou Open,2026,2026-09-23,Hard,Quarterfinals,Quarterfinals - Center Court,Quarterfinals,50,MS006,6.0,atp_stats_link,,208021,Kyrian Jacquet,206681,Fabian Marozsan,208021,Kyrian Jacquet,7-6(12) 6-4,raw_current_year,2026-09-23-hangzhou-china-2026-hard-quarterfinals-208021-206681,true
2026-4713,hangzhou-china-2026-hard,AITO Hangzhou Open,2026,2026-09-23,Hard,Quarterfinals,Quarterfinals - Center Court,Quarterfinals,50,MS007,7.0,atp_stats_link,,126094,Andrey Rublev,200384,Hugo Gaston,126094,Andrey Rublev,6-7(6) 7-6(4) 6-1,raw_current_year,2026-09-23-hangzhou-china-2026-hard-quarterfinals-126094-200384,true
2026-4713,hangzhou-china-2026-hard,AITO Hangzhou Open,2026,2026-09-23,Hard,Semifinals,Semifinals - Center Court,Semifinals,60,MS002,2.0,atp_stats_link,,106421,Daniil Medvedev,126128,Roman Safiullin,106421,Daniil Medvedev,7-5 6-4,raw_current_year,2026-09-23-hangzhou-china-2026-hard-semifinals-106421-126128,true
2026-4713,hangzhou-china-2026-hard,AITO Hangzhou Open,2026,2026-09-23,Hard,Semifinals,Semifinals - Center Court,Semifinals,60,MS003,3.0,atp_stats_link,,126094,Andrey Rublev,208021,Kyrian Jacquet,126094,Andrey Rublev,7-6(0) 6-1,raw_current_year,2026-09-23-hangzhou-china-2026-hard-semifinals-126094-208021,true
2026-4713,hangzhou-china-2026-hard,AITO Hangzhou Open,2026,2026-09-23,Hard,1st Round Qualifying,1st Round Qualifying - Center Court,1st Round Qualifying,80,QS011,,,,117361,Akira Santillan,214011,Kaigaoge Kang,117361,Akira Santillan,6-3 6-0,raw_current_year,2026-09-23-hangzhou-china-2026-hard-1st-round-qualifying-117361-214011,true
2026-4713,hangzhou-china-2026-hard,AITO Hangzhou Open,2026,2026-09-23,Hard,1st Round Qualifying,1st Round Qualifying - Center Court,1st Round Qualifying,80,QS013,,,,111806,Fajing Sun,202354,Matthew Dellavedova,111806,Fajing Sun,3-6 6-1 7-6(4),raw_current_year,2026-09-23-hangzhou-china-2026-hard-1st-round-qualifying-111806-202354,true
2026-4713,hangzhou-china-2026-hard,AITO Hangzhou Open,2026,2026-09-23,Hard,1st Round Qualifying,1st Round Qualifying - Court 2,1st Round Qualifying,80,QS015,,,,211627,Hayato Matsuoka,207186,Arthur Weber,211627,Hayato Matsuoka,6-4 7-5,raw_current_year,2026-09-23-hangzhou-china-2026-hard-1st-round-qualifying-211627-207186,true
2026-4713,hangzhou-china-2026-hard,AITO Hangzhou Open,2026,2026-09-23,Hard,1st Round Qualifying,1st Round Qualifying - Court 1,1st Round Qualifying,80,QS009,,,,200677,Rio Noguchi,201987,Masamichi Imamura,200677,Rio Noguchi,6-1 6-4,raw_current_year,2026-09-23-hangzhou-china-2026-hard-1st-round-qualifying-200677-201987,true
2026-4713,hangzhou-china-2026-hard,AITO Hangzhou Open,2026,2026-09-23,Hard,1st Round Qualifying,1st Round Qualifying - Court 2,1st Round Qualifying,80,QS014,,,,106121,Taro Daniel,117359,Jake Delaney,106121,Taro Daniel,6-3 6-4,raw_current_year,2026-09-23-hangzhou-china-2026-hard-1st-round-qualifying-106121-117359,true
2026-4713,hangzhou-china-2026-hard,AITO Hangzhou Open,2026,2026-09-23,Hard,1st Round Qualifying,1st Round Qualifying - Center Court,1st Round Qualifying,80,QS012,,,,106071,Bernard Tomic,144751,Rigele Te,106071,Bernard Tomic,6-7(6) 6-4 7-5,raw_current_year,2026-09-23-hangzhou-china-2026-hard-1st-round-qualifying-106071-144751,true
2026-4713,hangzhou-china-2026-hard,AITO Hangzhou Open,2026,2026-09-23,Hard,1st Round Qualifying,1st Round Qualifying - Court 1,1st Round Qualifying,80,QS010,,,,106109,Alex Bolt,117357,Omar Jasika,106109,Alex Bolt,6-4 6-3,raw_current_year,2026-09-23-hangzhou-china-2026-hard-1st-round-qualifying-106109-117357,true
2026-4713,hangzhou-china-2026-hard,AITO Hangzhou Open,2026,2026-09-23,Hard,1st Round Qualifying,1st Round Qualifying - Court 1,1st Round Qualifying,80,QS008,,,,207494,Dalibor Svrcina,210340,Philip Sekulic,207494,Dalibor Svrcina,6-3 6-2,raw_current_year,2026-09-23-hangzhou-china-2026-hard-1st-round-qualifying-207494-210340,true
2026-4713,hangzhou-china-2026-hard,AITO Hangzhou Open,2026,2026-09-23,Hard,2nd Round Qualifying,2nd Round Qualifying - Court 1,2nd Round Qualifying,80,QS007,,,,106121,Taro Daniel,211627,Hayato Matsuoka,106121,Taro Daniel,6-4 7-6(9),raw_current_year,2026-09-23-hangzhou-china-2026-hard-2nd-round-qualifying-106121-211627,true
2026-4713,hangzhou-china-2026-hard,AITO Hangzhou Open,2026,2026-09-23,Hard,2nd Round Qualifying,2nd Round Qualifying - Center Court,2nd Round Qualifying,80,QS006,,,,111806,Fajing Sun,106071,Bernard Tomic,111806,Fajing Sun,6-4 7-5,raw_current_year,2026-09-23-hangzhou-china-2026-hard-2nd-round-qualifying-111806-106071,true
2026-4713,hangzhou-china-2026-hard,AITO Hangzhou Open,2026,2026-09-23,Hard,2nd Round Qualifying,2nd Round Qualifying - Center Court,2nd Round Qualifying,80,QS005,,,,106109,Alex Bolt,117361,Akira Santillan,106109,Alex Bolt,6-1 2-6 6-4,raw_current_year,2026-09-23-hangzhou-china-2026-hard-2nd-round-qualifying-106109-117361,true
2026-4713,hangzhou-china-2026-hard,AITO Hangzhou Open,2026,2026-09-23,Hard,2nd Round Qualifying,2nd Round Qualifying - Court 1,2nd Round Qualifying,80,QS004,,,,207494,Dalibor Svrcina,200677,Rio Noguchi,207494,Dalibor Svrcina,6-4 6-1,raw_current_year,2026-09-23-hangzhou-china-2026-hard-2nd-round-qualifying-207494-200677,true
