"ranking_date","player_id","player_name","atp_rank","atp_points","atp_points_change","atp_rank_change","country","age"
"2026-02-16","207989","Carlos Alcaraz","1","13150","0.0","0.0","ESP","22"
"2026-02-16","206173","Jannik Sinner","2","10300","0.0","0.0","ITA","24"
"2026-02-16","104925","Novak Djokovic","3","5280","0.0","0.0","SRB","38"
"2026-02-16","100644","Alexander Zverev","4","4605","0.0","0.0","GER","28"
"2026-02-16","207518","Lorenzo Musetti","5","4405","0.0","0.0","ITA","23"
"2026-02-16","200282","Alex De Minaur","6","4250","415.0","2.0","AUS","26"
"2026-02-16","","Felix Auger-Aliassime","7","4230","280.0","-1.0","",""
"2026-02-16","126203","Taylor Fritz","8","4220","280.0","-1.0","USA","28"
"2026-02-16","210097","Ben Shelton","9","4050","490.0","0.0","USA","23"
"2026-02-16","122330","Alexander Bublik","10","3405","170.0","0.0","KAZ","28"
"2026-02-16","106421","Daniil Medvedev","11","3010","-50.0","0.0","RUS","30"
"2026-02-16","207733","Jack Draper","12","2790","0.0","0.0","GBR","24"
"2026-02-16","134770","Casper Ruud","13","2625","0.0","0.0","NOR","27"
"2026-02-16","126094","Andrey Rublev","14","2510","0.0","1.0","RUS","28"
"2026-02-16","200221","Alejandro Davidovich Fokina","15","2470","-65.0","-1.0","ESP","26"
"2026-02-16","210084","Jakub Mensik","16","2425","0.0","0.0","CZE","20"
"2026-02-16","111575","Karen Khachanov","17","2360","40.0","1.0","RUS","29"
"2026-02-16","208029","Holger Rune","18","2340","0.0","-1.0","DEN","22"
"2026-02-16","202103","Francisco Cerundolo","19","2220","85.0","0.0","ARG","27"
"2026-02-16","207925","Flavio Cobolli","20","1955","0.0","0.0","ITA","23"
"2026-02-16","209260","Luciano Darderi","21","1904","115.0","1.0","ITA","24"
"2026-02-16","208103","Jiri Lehecka","22","1860","0.0","-1.0","CZE","24"
"2026-02-16","210530","Learner Tien","23","1710","0.0","0.0","USA","20"
"2026-02-16","126205","Tommy Paul","24","1700","0.0","0.0","USA","28"
"2026-02-16","134868","Tallon Griekspoor","25","1655","70.0","2.0","NED","29"
"2026-02-16","200473","Valentin Vacherot","26","1605","-6.0","-1.0","MON","27"
"2026-02-16","111815","Cameron Norrie","27","1603","0.0","-1.0","GBR","30"
"2026-02-16","126207","Frances Tiafoe","28","1550","40.0","2.0","USA","28"
"2026-02-16","206909","Brandon Nakashima","29","1535","0.0","0.0","USA","24"
"2026-02-16","126239","Arthur Rinderknech","30","1530","-12.0","-2.0","FRA","30"
"2026-02-16","207830","Tomas Machac","31","1510","0.0","0.0","CZE","25"
"2026-02-16","202104","Sebastian Baez","32","1495","75.0","2.0","ARG","25"
"2026-02-16","126774","Stefanos Tsitsipas","33","1485","40.0","-1.0","GRE","27"
"2026-02-16","144895","Corentin Moutet","34","1383","0.0","1.0","FRA","26"
"2026-02-16","133430","Denis Shapovalov","35","1350","190.0","5.0","CAN","26"
"2026-02-16","200005","Ugo Humbert","36","1285","-50.0","0.0","FRA","27"
"2026-02-16","144719","Jaume Munar","37","1275","90.0","0.0","ESP","28"
"2026-02-16","211663","Joao Fonseca","38","1190","-250.0","-5.0","BRA","19"
"2026-02-16","209113","Gabriel Diallo","39","1175","0.0","-1.0","CAN","24"
"2026-02-16","209950","Arthur Fils","40","1110","0.0","2.0","FRA","21"
"2026-02-16","210506","Alex Michelsen","41","1110","-50.0","0.0","USA","21"
"2026-02-16","105777","Grigor Dimitrov","42","1105","0.0","1.0","BUL","34"
"2026-02-16","105227","Marin Cilic","43","1090","200.0","18.0","CRO","37"
"2026-02-16","200267","Zizou Bergs","44","1080","-90.0","-5.0","BEL","26"
"2026-02-16","132686","Nuno Borges","45","1070","0.0","-1.0","POR","28"
"2026-02-16","200116","Camilo Ugo Carabelli","46","1068","40.0","1.0","ARG","26"
"2026-02-16","202385","Jenson Brooksby","47","1042","0.0","-2.0","USA","25"
"2026-02-16","206681","Fabian Marozsan","48","1040","0.0","-2.0","HUN","26"
"2026-02-16","105173","Adrian Mannarino","49","1025","50.0","3.0","FRA","37"
"2026-02-16","200624","Sebastian Korda","50","1020","60.0","3.0","USA","25"
"2026-02-16","144869","Tomas Martin Etcheverry","51","1020","75.0","3.0","ARG","26"
"2026-02-16","124186","Alexandre Muller","52","1020","0.0","-4.0","FRA","29"
"2026-02-16","200615","Alexei Popyrin","53","1000","0.0","-3.0","AUS","26"
"2026-02-16","127157","Daniel Altmaier","54","961","-34.0","-3.0","GER","27"
"2026-02-16","122298","Botic Van De Zandschulp","55","936","87.0","10.0","NED","30"
"2026-02-16","111794","Kamil Majchrzak","56","920","0.0","-1.0","POL","30"
"2026-02-16","126610","Matteo Berrettini","57","910","15.0","1.0","ITA","29"
"2026-02-16","208659","Giovanni Mpetshi Perricard","58","905","0.0","-2.0","FRA","22"
"2026-02-16","209920","Raphael Collignon","59","902","125.0","10.0","BEL","24"
"2026-02-16","208316","Valentin Royer","60","897","0.0","-3.0","FRA","24"
"2026-02-16","105916","Marton Fucsovics","61","891","-118.0","-12.0","HUN","34"
"2026-02-16","106000","Damir Dzumhur","62","877","0.0","0.0","BIH","33"
"2026-02-16","207681","Francisco Comesana","63","869","0.0","0.0","ARG","25"
"2026-02-16","106218","Marcos Giron","64","855","-40.0","-5.0","USA","32"
"2026-02-16","132283","Lorenzo Sonego","65","850","-40.0","-5.0","ITA","30"
"2026-02-16","209279","Terence Atmane","66","833","-16.0","-2.0","FRA","24"
"2026-02-16","208118","Eliot Spizzirri","67","821","40.0","1.0","USA","24"
"2026-02-16","126214","Alejandro Tabilo","68","808","34.0","3.0","CHI","28"
"2026-02-16","124187","Reilly Opelka","69","786","-12.0","-2.0","USA","28"
"2026-02-16","210319","Ethan Quinn","70","776","18.0","4.0","USA","21"
"2026-02-16","128034","Hubert Hurkacz","71","775","0.0","-1.0","POL","29"
"2026-02-16","111460","Quentin Halys","72","762","37.0","5.0","FRA","29"
"2026-02-16","209070","Arthur Cazaux","73","755","0.0","2.0","FRA","23"
"2026-02-16","208363","Mariano Navone","74","750","-10.0","-1.0","ARG","24"
"2026-02-16","206499","Aleksandar Kovacevic","75","746","25.0","3.0","USA","27"
"2026-02-16","207182","Emilio Nava","76","710","0.0","5.0","USA","24"
"2026-02-16","","Jan-Lennard Struff","77","706","0.0","5.0","",""
"2026-02-16","207678","Juan Manuel Cerundolo","78","706","-11.0","2.0","ARG","24"
"2026-02-16","","Aleksandr Shevchenko","79","696","6.0","5.0","",""
"2026-02-16","105902","James Duckworth","80","691","0.0","3.0","AUS","34"
"2026-02-16","209209","Filip Misolic","81","687","-41.0","-5.0","AUT","24"
"2026-02-16","105138","Roberto Bautista Agut","82","685","0.0","3.0","ESP","37"
"2026-02-16","200175","Miomir Kecmanovic","83","670","-150.0","-17.0","SRB","26"
"2026-02-16","207985","Jacob Fearnley","84","668","0.0","3.0","GBR","24"
"2026-02-16","208286","Matteo Arnaldi","85","665","-100.0","-13.0","ITA","24"
"2026-02-16","207411","Jesper De Jong","86","665","-8.0","0.0","NED","25"
"2026-02-16","200240","Vit Kopriva","87","660","28.0","8.0","CZE","28"
"2026-02-16","126846","Aleksandar Vukic","88","656","0.0","0.0","AUS","29"
"2026-02-16","106426","Cristian Garin","89","656","0.0","0.0","CHI","29"
"2026-02-16","105870","Yannick Hanfmann","90","653","0.0","0.0","GER","34"
"2026-02-16","209860","Ignacio Buse","91","648","25.0","5.0","PER","21"
"2026-02-16","202058","Thiago Agustin Tirante","92","647","0.0","0.0","ARG","24"
"2026-02-16","200443","Adam Walton","93","643","0.0","0.0","AUS","26"
"2026-02-16","208134","Luca Nardi","94","629","8.0","3.0","ITA","22"
"2026-02-16","","Christopher O'Connell","95","626","115.0","24.0","",""
"2026-02-16","200384","Hugo Gaston","96","619","3.0","3.0","FRA","25"
"2026-02-16","209098","Hamad Medjedovic","97","615","-102.0","-18.0","SRB","22"
"2026-02-16","104527","Stan Wawrinka","98","612","50.0","8.0","SUI","40"
"2026-02-16","207494","Dalibor Svrcina","99","612","-6.0","-1.0","CZE","23"
"2026-02-16","126535","Carlos Taberner","100","608","0.0","0.0","ESP","28"
"2026-02-16","124079","Pedro Martinez","101","586","-50.0","-7.0","ESP","28"
"2026-02-16","208882","Roman Andres Burruchaga","102","580","12.0","2.0","ARG","24"
"2026-02-16","209226","Adolfo Daniel Vallejo","103","580","0.0","-2.0","PAR","21"
"2026-02-16","210696","Alexander Blockx","104","570","0.0","-1.0","BEL","20"
"2026-02-16","200516","Patrick Kypson","105","565","13.0","4.0","USA","26"
"2026-02-16","208260","Zachary Svajda","106","563","12.0","4.0","USA","23"
"2026-02-16","144642","Tomas Barrios Vera","107","563","17.0","7.0","CHI","28"
"2026-02-16","209262","Tristan Schoolkate","108","556","-14.0","-6.0","AUS","24"
"2026-02-16","208233","Mattia Bellucci","109","553","0.0","-2.0","ITA","24"
"2026-02-16","208353","Francesco Maestrelli","110","553","0.0","-2.0","ITA","23"
"2026-02-16","111442","Jordan Thompson","111","548","0.0","0.0","AUS","31"
"2026-02-16","126127","Benjamin Bonzi","112","548","64.0","19.0","FRA","29"
"2026-02-16","208014","Rinky Hijikata","113","546","0.0","0.0","AUS","24"
"2026-02-16","111513","Laslo Djere","114","538","-113.0","-23.0","SRB","30"
"2026-02-16","","Chun-Hsin Tseng","115","536","0.0","1.0","",""
"2026-02-16","111456","Mackenzie Mcdonald","116","535","-12.0","-4.0","USA","30"
"2026-02-16","208278","Shintaro Mochizuki","117","525","-12.0","-2.0","JPN","22"
"2026-02-16","212588","Rafael Jodar","118","523","25.0","6.0","ESP","19"
"2026-02-16","105676","David Goffin","119","515","0.0","-2.0","BEL","35"
"2026-02-16","208169","Titouan Droguet","120","510","0.0","0.0","FRA","24"
"2026-02-16","209284","Elmer Moller","121","509","0.0","0.0","DEN","22"
"2026-02-16","209976","Dino Prizmic","122","507","0.0","0.0","CRO","20"
"2026-02-16","105807","Pablo Carreno Busta","123","504","-62.0","-18.0","ESP","34"
"2026-02-16","123828","Jan Choinski","124","498","0.0","1.0","GBR","29"
"2026-02-16","102093","Martin Damm","125","492","6.0","5.0","USA","22"
"2026-02-16","209147","Vilius Gaubas","126","490","0.0","1.0","LTU","21"
"2026-02-16","106432","Borna Coric","127","488","0.0","2.0","CRO","29"
"2026-02-16","202261","Otto Virtanen","128","488","-25.0","-10.0","FIN","24"
"2026-02-16","105583","Dusan Lajovic","129","485","-18.0","-6.0","SRB","35"
"2026-02-16","209414","Luca Van Assche","130","477","-16.0","-4.0","FRA","21"
"2026-02-16","105477","Marco Trungelliti","131","472","0.0","3.0","ARG","36"
"2026-02-16","124116","Sebastian Ofner","132","471","0.0","3.0","AUT","29"
"2026-02-16","149282","Nicolai Budkov Kjaer","133","470","-6.0","-1.0","NOR","19"
"2026-02-16","208013","Dane Sweeny","134","468","4.0","4.0","AUS","25"
"2026-02-16","200647","Sho Shimabukuro","135","466","25.0","9.0","JPN","28"
"2026-02-16","105932","Nikoloz Basilashvili","136","464","0.0","1.0","GEO","33"
"2026-02-16","209409","Coleman Wong","137","458","-8.0","-1.0","HKG","21"
"2026-02-16","209957","Jack Pinnington Jones","138","456","125.0","43.0","GBR","22"
"2026-02-16","121411","Moez Echargui","139","449","15.0","7.0","TUN","33"
"2026-02-16","126504","Andrea Pellegrino","140","447","13.0","5.0","ITA","28"
"2026-02-16","212256","Colton Smith","141","446","0.0","1.0","USA","22"
"2026-02-16","208210","Chris Rodesch","142","446","-10.0","-3.0","LUX","24"
"2026-02-16","111797","Nicolas Jarry","143","441","0.0","0.0","CHI","30"
"2026-02-16","126129","Billy Harris","144","438","-36.0","-11.0","GBR","31"
"2026-02-16","","Daniel Merida","145","432","21.0","7.0","",""
"2026-02-16","200059","Yibing Wu","146","427","0.0","1.0","CHN","26"
"2026-02-16","210262","Jaime Faria","147","425","0.0","1.0","POR","22"
"2026-02-16","","Yunchaokete Bu","148","424","-25.0","-7.0","",""
"2026-02-16","208119","Liam Draxl","149","422","0.0","0.0","CAN","24"
"2026-02-16","127760","Lukas Klein","150","421","1.0","0.0","SVK","27"
"2026-02-16","200587","Brandon Holt","151","418","-35.0","-11.0","USA","27"
"2026-02-16","210116","Michael Zheng","152","414","0.0","-1.0","USA","22"
"2026-02-16","208021","Kyrian Jacquet","153","414","-75.0","-25.0","FRA","24"
"2026-02-16","209911","Guy Den Ouden","154","405","50.0","15.0","NED","23"
"2026-02-16","144750","Lloyd Harris","155","399","75.0","31.0","RSA","28"
"2026-02-16","206748","Giulio Zeppieri","156","397","4.0","-2.0","ITA","24"
"2026-02-16","209259","Arthur Fery","157","396","0.0","-4.0","GBR","23"
"2026-02-16","106198","Hugo Dellien","158","393","38.0","9.0","BOL","32"
"2026-02-16","211776","Martin Landaluce","159","390","2.0","-4.0","ESP","20"
"2026-02-16","106109","Alex Bolt","160","383","44.0","18.0","AUS","33"
"2026-02-16","210136","Mark Lajal","161","378","0.0","-3.0","EST","22"
"2026-02-16","210338","Arthur Gea","162","377","-10.0","-6.0","FRA","21"
"2026-02-16","208859","Francesco Passaro","163","376","0.0","-4.0","ITA","25"
"2026-02-16","200259","Ugo Blanchet","164","375","0.0","-4.0","FRA","27"
"2026-02-16","210053","Luka Mikrut","165","371","12.0","-1.0","CRO","21"
"2026-02-16","105882","Stefano Travaglia","166","370","10.0","-3.0","ITA","34"
"2026-02-16","209261","Matteo Gigante","167","367","0.0","-6.0","ITA","24"
"2026-02-16","210536","Rei Sakamoto","168","364","20.0","6.0","JPN","19"
"2026-02-16","106415","Yoshihito Nishioka","169","361","-25.0","-12.0","JPN","30"
"2026-02-16","104792","Gael Monfils","170","360","0.0","-8.0","FRA","39"
"2026-02-16","206750","Daniil Glinka","171","359","4.0","-1.0","EST","25"
"2026-02-16","210012","Henrique Rocha","172","357","0.0","-7.0","POR","21"
"2026-02-16","209857","Leandro Riedi","173","356","8.0","0.0","SUI","24"
"2026-02-16","208004","Harold Mayot","174","355","0.0","-6.0","FRA","24"
"2026-02-16","106148","Roberto Carballes Baena","175","350","7.0","0.0","ESP","32"
"2026-02-16","200514","Jurij Rodionov","176","350","0.0","-4.0","AUT","26"
"2026-02-16","133297","Yosuke Watanuki","177","349","-7.0","-11.0","JPN","27"
"2026-02-16","200436","Zsombor Piros","178","341","0.0","-2.0","HUN","26"
"2026-02-16","200711","Nicolas Mejia","179","341","0.0","-2.0","COL","26"
"2026-02-16","209875","Alex Barrena","180","336","0.0","0.0","ARG","23"
"2026-02-16","126964","Vitaliy Sachko","181","333","-3.0","-2.0","UKR","28"
"2026-02-16","144870","Federico Agustin Gomez","182","331","25.0","14.0","ARG","29"
"2026-02-16","126663","Juan Pablo Ficovich","183","331","0.0","-1.0","ARG","29"
"2026-02-16","123755","Daniel Elahi Galan","184","330","7.0","3.0","COL","29"
"2026-02-16","126652","Jay Clarke","185","329","0.0","-2.0","GBR","27"
"2026-02-16","126128","Roman Safiullin","186","328","0.0","-2.0","RUS","28"
"2026-02-16","106071","Bernard Tomic","187","319","6.0","5.0","AUS","33"
"2026-02-16","111200","Elias Ymer","188","315","-12.0","-3.0","SWE","29"
"2026-02-16","208010","Pablo Llamas Ruiz","189","314","22.0","16.0","ESP","23"
"2026-02-16","","Pierre-Hugues Herbert","190","313","-38.0","-19.0","",""
"2026-02-16","202127","Clement Tabur","191","311","38.0","22.0","FRA","26"
"2026-02-16","210460","Nishesh Basavareddy","192","310","0.0","1.0","USA","20"
"2026-02-16","126409","Hugo Grenier","193","310","-13.0","-5.0","FRA","29"
"2026-02-16","211514","Justin Engel","194","309","0.0","0.0","GER","18"
"2026-02-16","207608","Timofey Skatov","195","308","-6.0","-4.0","KAZ","25"
"2026-02-16","144645","Zdenek Kolar","196","308","-8.0","-7.0","CZE","29"
"2026-02-16","208843","Jerome Kym","197","307","0.0","-2.0","SUI","23"
"2026-02-16","105554","Daniel Evans","198","306","-8.0","-8.0","GBR","35"
"2026-02-16","200416","August Holmgren","199","303","0.0","0.0","DEN","27"
"2026-02-16","144684","Alex Molcan","200","302","0.0","0.0","SVK","28"
"2026-02-16","200385","Dan Added","201","299","0.0","0.0","FRA","26"
"2026-02-16","208223","Alvaro Guillen Meza","202","298","0.0","0.0","ECU","23"
"2026-02-16","106186","Jason Kubler","203","295","0.0","0.0","AUS","32"
"2026-02-16","207785","George Loffhagen","204","295","0.0","0.0","GBR","24"
"2026-02-16","206889","Clement Chidekh","205","292","-12.0","-7.0","FRA","24"
"2026-02-16","105841","Lorenzo Giustino","206","292","0.0","0.0","ITA","34"
"2026-02-16","206307","Joao Lucas Reis Da Silva","207","291","0.0","0.0","BRA","25"
"2026-02-16","106329","Thiago Monteiro","208","290","7.0","1.0","BRA","31"
"2026-02-16","202146","Luka Pavlovic","209","286","24.0","10.0","FRA","25"
"2026-02-16","210317","James Mccabe","210","283","-6.0","-2.0","AUS","22"
"2026-02-16","211451","Gilles Arnaud Bailly","211","280","0.0","-1.0","BEL","20"
"2026-02-16","210178","Juan Carlos Prado Angelo","212","279","0.0","-1.0","BOL","20"
"2026-02-16","200329","Remy Bertola","213","276","2.0","-1.0","SUI","27"
"2026-02-16","209899","Ilia Simakin","214","274","1.0","0.0","RUS","22"
"2026-02-16","200610","Oliver Crawford","215","273","0.0","0.0","GBR","26"
"2026-02-16","106065","Marco Cecchinato","216","270","4.0","1.0","ITA","33"
"2026-02-16","207729","Tristan Boyer","217","268","0.0","-1.0","USA","24"
"2026-02-16","208293","Gonzalo Bueno","218","265","0.0","0.0","PER","21"
"2026-02-16","205734","Thiago Seyboth Wild","219","262","-43.0","-22.0","BRA","25"
"2026-02-16","212044","Yi Zhou","220","261","0.0","0.0","CHN","20"
"2026-02-16","200318","Yu Hsiou Hsu","221","259","0.0","0.0","TPE","26"
"2026-02-16","209903","Lukas Neumayer","222","255","0.0","1.0","AUT","23"
"2026-02-16","123983","Nerman Fatic","223","254","0.0","1.0","BIH","31"
"2026-02-16","106393","Frederico Ferreira Silva","224","254","44.0","31.0","POR","30"
"2026-02-16","210748","Federico Cina","225","252","0.0","0.0","ITA","18"
"2026-02-16","210297","Lautaro Midon","226","252","7.0","3.0","ARG","21"
"2026-02-16","","Marc-Andrea Huesler","227","250","6.0","3.0","",""
"2026-02-16","210202","Rodrigo Pacheco Mendez","228","248","-8.0","-6.0","MEX","20"
"2026-02-16","144821","Genaro Alberto Olivieri","229","247","0.0","-2.0","ARG","27"
"2026-02-16","200008","Alexis Galarneau","230","246","9.0","6.0","CAN","26"
"2026-02-16","","Santiago Rodriguez Taverna","231","246","0.0","-3.0","",""
"2026-02-16","212063","Matej Dodig","232","244","0.0","0.0","CRO","20"
"2026-02-16","105911","Andrea Collarini","233","244","0.0","0.0","ARG","34"
"2026-02-16","126106","Ryan Peniston","234","242","-2.0","-3.0","GBR","30"
"2026-02-16","208069","Max Houkes","235","242","0.0","0.0","NED","25"
"2026-02-16","122078","Dmitry Popko","236","241","-7.0","-10.0","KAZ","29"
"2026-02-16","127339","Borna Gojo","237","236","0.0","0.0","CRO","27"
"2026-02-16","200335","Felipe Meligeni Alves","238","236","-7.0","-4.0","BRA","27"
"2026-02-16","209916","Marko Topo","239","234","0.0","-1.0","GER","22"
"2026-02-16","208902","Johannus Monday","240","233","0.0","-1.0","GBR","24"
"2026-02-16","209326","Murphy Cassone","241","233","6.0","1.0","USA","23"
"2026-02-16","111187","Kaichi Uchida","242","231","0.0","-2.0","JPN","31"
"2026-02-16","210389","Toby Samuel","243","230","6.0","1.0","GBR","23"
"2026-02-16","208279","Alejandro Moro Canas","244","229","38.0","32.0","ESP","25"
"2026-02-16","210167","Tom Gentzsch","245","227","10.0","6.0","GER","22"
"2026-02-16","212082","Joel Schwaerzler","246","226","0.0","-3.0","AUT","20"
"2026-02-16","202262","Filip Cristian Jianu","247","225","7.0","2.0","ROU","24"
"2026-02-16","202260","Henri Squire","248","223","40.0","34.0","GER","25"
"2026-02-16","106283","Mitchell Krueger","249","221","0.0","-4.0","USA","32"
"2026-02-16","200677","Rio Noguchi","250","221","0.0","-4.0","JPN","27"
"2026-02-16","106293","Kimmer Coppejans","251","220","0.0","-4.0","BEL","32"
"2026-02-16","","Andy Andrade","252","219","8.0","2.0","",""
"2026-02-16","123809","Ivan Gakhov","253","219","0.0","-5.0","RUS","29"
"2026-02-16","210220","Edas Butvilas","254","217","0.0","-4.0","LTU","21"
"2026-02-16","207546","Pol Martin Tiffon","255","215","12.0","7.0","ESP","26"
"2026-02-16","208046","Pedro Boscardin Dias","256","213","0.0","-3.0","BRA","23"
"2026-02-16","200452","Patrick Zahraj","257","209","5.0","4.0","GER","26"
"2026-02-16","208361","Gustavo Heide","258","207","0.0","-1.0","BRA","23"
"2026-02-16","200277","Charles Broom","259","206","0.0","-1.0","GBR","27"
"2026-02-16","207415","Daniel Michalski","260","206","-23.0","-19.0","POL","26"
"2026-02-16","209992","Juncheng Shang","261","205","0.0","-2.0","CHN","21"
"2026-02-16","106162","Franco Agamenone","262","204","0.0","-2.0","ITA","32"
"2026-02-16","105062","Mikhail Kukushkin","263","203","-5.0","-7.0","KAZ","38"
"2026-02-16","111806","Fajing Sun","264","202","0.0","1.0","CHN","29"
"2026-02-16","106220","Dimitar Kuzmanov","265","202","-1.0","-1.0","BUL","32"
"2026-02-16","144972","Geoffrey Blancaneaux","266","201","1.0","0.0","FRA","27"
"2026-02-16","209849","Sascha Gueymard Wayenburg","267","201","-2.0","-4.0","FRA","22"
"2026-02-16","106044","Nicolas Kicker","268","200","0.0","-1.0","ARG","33"
"2026-02-16","211500","Tiago Pereira","269","200","0.0","-1.0","POR","21"
"2026-02-16","122909","Andres Martin","270","198","0.0","0.0","ARG","50"
"2026-02-16","202147","Florent Bax","271","197","0.0","0.0","FRA","26"
"2026-02-16","111578","Stefan Kozlov","272","196","0.0","1.0","USA","28"
"2026-02-16","210464","Darwin Blanch","273","195","11.0","7.0","USA","18"
"2026-02-16","207663","Nikolas Sanchez Izquierdo","274","194","0.0","0.0","ESP","26"
"2026-02-16","208852","Stefanos Sakellaridis","275","193","0.0","0.0","GRE","21"
"2026-02-16","207784","Harry Wendelken","276","193","24.0","28.0","GBR","24"
"2026-02-16","209405","Daniel Rincon","277","191","-22.0","-25.0","ESP","23"
"2026-02-16","","Murkel Dellien","278","186","0.0","-1.0","",""
"2026-02-16","208182","Saba Purtseladze","279","185","-14.0","-10.0","GEO","24"
"2026-02-16","122669","Juan Pablo Varillas","280","184","0.0","-2.0","PER","30"
"2026-02-16","210119","Andrej Nedic","281","184","0.0","-2.0","BIH","21"
"2026-02-16","106281","Liam Broady","282","184","0.0","-1.0","GBR","32"
"2026-02-16","105453","Kei Nishikori","283","182","0.0","1.0","JPN","36"
"2026-02-16","207680","Facundo Diaz Acosta","284","182","0.0","1.0","ARG","25"
"2026-02-16","106034","Yasutaka Uchiyama","285","182","6.0","12.0","JPN","33"
"2026-02-16","210557","Petr Brunclik","286","181","0.0","0.0","CZE","19"
"2026-02-16","133975","Benjamin Hassan","287","180","-16.0","-15.0","LBN","31"
"2026-02-16","208257","Fabrizio Andaloro","288","180","0.0","0.0","ITA","25"
"2026-02-16","207799","Matheus Pucinelli De Almeida","289","180","0.0","0.0","BRA","24"
"2026-02-16","209850","Robin Bertrand","290","180","0.0","0.0","FRA","22"
"2026-02-16","208421","Lilian Marmousez","291","179","0.0","0.0","FRA","24"
"2026-02-16","202320","Beibit Zhukayev","292","178","0.0","0.0","KAZ","25"
"2026-02-16","210558","Hynek Barton","293","178","-2.0","-6.0","CZE","21"
"2026-02-16","123921","Calvin Hemery","294","177","0.0","1.0","FRA","31"
"2026-02-16","200346","Mats Rosenkranz","295","177","0.0","1.0","GER","27"
"2026-02-16","126206","Alex Rybakov","296","176","-1.0","-2.0","USA","29"
"2026-02-16","111576","Sumit Nagal","297","175","-3.0","-4.0","IND","28"
"2026-02-16","105613","Norbert Gombos","298","175","0.0","0.0","SVK","35"
"2026-02-16","126107","Michael Geerts","299","173","-10.0","-16.0","BEL","31"
"2026-02-16","202235","Jacopo Berrettini","300","172","4.0","6.0","ITA","27"
"2026-02-16","210382","Maximus Jones","301","172","0.0","0.0","THA","21"
"2026-02-16","117361","Akira Santillan","302","172","7.0","7.0","AUS","28"
"2026-02-16","209951","Petr Bar Biryukov","303","172","3.0","2.0","RUS","23"
"2026-02-16","207491","Sandro Kopp","304","171","0.0","-2.0","AUT","25"
"2026-02-16","207732","Miguel Damas","305","168","7.0","10.0","ESP","26"
"2026-02-16","211533","Gianluca Cadenasso","306","166","0.0","1.0","ITA","21"
"2026-02-16","208143","Garrett Johns","307","166","-5.0","-4.0","USA","25"
"2026-02-16","202333","Keegan Smith","308","165","0.0","0.0","USA","27"
"2026-02-16","209131","Eliakim Coulibaly","309","164","1.0","4.0","CIV","23"
"2026-02-16","","Diego Dedura","310","164","0.0","2.0","",""
"2026-02-16","202475","Philip Henning","311","160","0.0","5.0","RSA","25"
"2026-02-16","206904","Gauthier Onclin","312","160","0.0","5.0","BEL","24"
"2026-02-16","","Adrian Boitan","313","159","-2.0","1.0","",""
"2026-02-16","207231","Mathys Erhard","314","159","0.0","4.0","FRA","24"
"2026-02-16","","Cedrik-Marcel Stebe","315","158","0.0","4.0","",""
"2026-02-16","126337","Renta Tokuda","316","157","0.0","4.0","JPN","27"
"2026-02-16","207130","Matias Soto","317","157","0.0","4.0","CHI","26"
"2026-02-16","","Abdullah Shelbayh","318","156","-8.0","-8.0","",""
"2026-02-16","111190","Zhizhen Zhang","319","155","25.0","46.0","CHN","29"
"2026-02-16","105180","Daniel Dutra Da Silva","320","155","0.0","4.0","BRA","37"
"2026-02-16","211617","Maxim Mrva","321","154","-2.0","2.0","CZE","18"
"2026-02-16","208269","Felix Gill","322","152","0.0","4.0","GBR","23"
"2026-02-16","200672","Sergey Fomin","323","151","0.0","5.0","UZB","25"
"2026-02-16","210472","Oliver Tarvet","324","150","0.0","5.0","GBR","22"
"2026-02-16","126340","Viktor Durasovic","325","150","-14.0","-14.0","NOR","28"
"2026-02-16","208144","Giles Hussey","326","150","7.0","12.0","GBR","28"
"2026-02-16","208342","Tyler Zink","327","150","0.0","3.0","USA","25"
"2026-02-16","105413","Andrej Martin","328","149","0.0","3.0","SVK","36"
"2026-02-16","200188","Matteo Martineau","329","149","0.0","3.0","FRA","27"
"2026-02-16","209512","Tom Paris","330","148","0.0","3.0","FRA","23"
"2026-02-16","206703","Paul Jubb","331","148","14.0","25.0","GBR","26"
"2026-02-16","208389","James Trotter","332","145","-8.0","-7.0","JPN","26"
"2026-02-16","106057","Facundo Mena","333","145","0.0","1.0","ARG","33"
"2026-02-16","200273","Hady Habib","334","143","0.0","2.0","LIB","27"
"2026-02-16","","Soonwoo Kwon","335","142","0.0","4.0","",""
"2026-02-16","200303","Pavel Kotov","336","142","0.0","4.0","RUS","27"
"2026-02-16","125847","Jelle Sels","337","142","-1.0","0.0","NED","30"
"2026-02-16","208364","Franco Roncadelli","338","142","0.0","3.0","URU","26"
"2026-02-16","207171","Hamish Stewart","339","142","0.0","3.0","GBR","26"
"2026-02-16","134840","Raul Brancaccio","340","142","0.0","3.0","ITA","28"
"2026-02-16","209952","Sean Cuenin","341","141","0.0","3.0","FRA","22"
"2026-02-16","202199","Carlos Sanchez Jover","342","141","0.0","3.0","ESP","25"
"2026-02-16","211577","Antoine Ghibaudo","343","140","0.0","4.0","FRA","21"
"2026-02-16","209322","Martin Krumich","344","140","-5.0","-9.0","CZE","23"
"2026-02-16","202239","Florian Broska","345","139","0.0","3.0","GER","28"
"2026-02-16","207213","Duje Ajdukovic","346","139","-12.0","-19.0","CRO","25"
"2026-02-16","207815","Guido Ivan Justo","347","139","0.0","2.0","ARG","28"
"2026-02-16","","Igor Marcondes","348","138","0.0","2.0","",""
"2026-02-16","","Sanhui Shin","349","138","0.0","3.0","",""
"2026-02-16","106187","Denis Yevseyev","350","138","6.0","12.0","KAZ","32"
"2026-02-16","129911","Marat Sharipov","351","137","-37.0","-52.0","RUS","23"
"2026-02-16","106380","Gonzalo Villanueva","352","137","0.0","2.0","ARG","31"
"2026-02-16","144716","Oleg Prihodko","353","136","0.0","2.0","UKR","28"
"2026-02-16","207969","Stefan Dostanic","354","135","53.0","151.0","USA","24"
"2026-02-16","111581","Michael Mmoh","355","134","-38.0","-55.0","USA","28"
"2026-02-16","208913","Juan Bautista Torres","356","134","-7.0","-10.0","ARG","23"
"2026-02-16","104755","Richard Gasquet","357","133","0.0","1.0","FRA","39"
"2026-02-16","207884","Arthur Bouquier","358","133","16.0","44.0","FRA","25"
"2026-02-16","210042","Gabriele Piraino","359","133","-4.0","-6.0","ITA","22"
"2026-02-16","210412","Juan Manuel La Serna","360","132","0.0","0.0","ARG","22"
"2026-02-16","212216","Trevor Svajda","361","131","0.0","2.0","USA","19"
"2026-02-16","207797","Jonas Forejtek","362","131","0.0","2.0","CZE","24"
"2026-02-16","122352","Christoph Negritu","363","131","-2.0","-4.0","GER","31"
"2026-02-16","132052","Christian Langmo","364","131","3.0","5.0","USA","29"
"2026-02-16","210318","Andre Ilagan","365","130","-2.0","-4.0","USA","25"
"2026-02-16","209407","Max Basing","366","129","1.0","1.0","GBR","23"
"2026-02-16","209354","Ioannis Xilas","367","129","8.0","21.0","GRE","24"
"2026-02-16","209907","Viacheslav Bielinskyi","368","128","0.0","0.0","UKR","22"
"2026-02-16","117360","Marc Polmans","369","128","5.0","14.0","AUS","28"
"2026-02-16","211627","Hayato Matsuoka","370","128","11.0","35.0","JPN","21"
"2026-02-16","209874","Maks Kasnikowski","371","127","14.0","48.0","POL","22"
"2026-02-16","212222","Raphael Perot","372","127","4.0","9.0","FRA","24"
"2026-02-16","202122","Yuta Shimizu","373","127","0.0","-3.0","JPN","26"
"2026-02-16","","Tung-Lin Wu","374","127","0.0","-3.0","",""
"2026-02-16","111454","Li Tu","375","126","12.0","40.0","AUS","29"
"2026-02-16","208502","Dominic Stricker","376","126","0.0","-4.0","SUI","23"
"2026-02-16","200266","Javier Barranco Cosano","377","126","-12.0","-26.0","ESP","27"
"2026-02-16","206470","Cezar Cretu","378","126","0.0","-4.0","ROU","24"
"2026-02-16","","Inaki Montes-De La Torre","379","125","0.0","-3.0","",""
"2026-02-16","117357","Omar Jasika","380","125","6.0","18.0","AUS","28"
"2026-02-16","105948","Federico Coria","381","124","-32.0","-59.0","ARG","33"
"2026-02-16","106203","Pedro Sakamoto","382","124","0.0","-4.0","BRA","32"
"2026-02-16","207368","Mert Alkaya","383","124","-2.0","-8.0","TUR","25"
"2026-02-16","212251","Daniel Milavsky","384","124","7.0","20.0","USA","24"
"2026-02-16","122554","David Jorda Sanchis","385","124","0.0","-6.0","ESP","31"
"2026-02-16","202297","Dan Martin","386","122","0.0","-1.0","CAN","26"
"2026-02-16","202420","Aidan Mchugh","387","122","-1.0","-3.0","GBR","25"
"2026-02-16","210377","Luciano Emanuel Ambrogi","388","122","0.0","-2.0","ARG","22"
"2026-02-16","105671","Gastao Elias","389","121","0.0","-2.0","POR","35"
"2026-02-16","209890","Mili Poljicak","390","121","1.0","4.0","CRO","21"
"2026-02-16","132041","Alfredo Perez","391","121","-13.0","-34.0","USA","28"
"2026-02-16","105487","Facundo Bagnis","392","120","0.0","-3.0","ARG","35"
"2026-02-16","111153","Christopher Eubanks","393","120","0.0","-3.0","USA","29"
"2026-02-16","202075","Adria Soriano Barrera","394","120","0.0","-3.0","COL","26"
"2026-02-16","212241","Carlo Alberto Caniato","395","120","0.0","-3.0","ITA","20"
"2026-02-16","111202","Hyeon Chung","396","120","0.0","-3.0","KOR","29"
"2026-02-16","206467","Federico Arnaboldi","397","120","0.0","-2.0","ITA","25"
"2026-02-16","208937","Kasidit Samrej","398","120","0.0","-2.0","THA","25"
"2026-02-16","106292","Hernan Casanova","399","119","0.0","-2.0","ARG","32"
"2026-02-16","144656","Corentin Denolly","400","119","0.0","-1.0","FRA","28"
"2026-02-16","","Albert Ramos-Vinolas","401","118","0.0","-1.0","",""
"2026-02-16","144826","Aziz Dougaz","402","118","-8.0","-29.0","TUN","28"
"2026-02-16","208024","Max Alcala Gurri","403","118","-12.0","-37.0","ESP","23"
"2026-02-16","106121","Taro Daniel","404","117","-7.0","-27.0","JPN","33"
"2026-02-16","208104","Andrea Picchione","405","117","0.0","-2.0","ITA","27"
"2026-02-16","200309","Marek Gengel","406","117","0.0","0.0","CZE","30"
"2026-02-16","209079","Samir Banerjee","407","116","0.0","0.0","USA","22"
"2026-02-16","202400","Alastair Gray","408","116","0.0","0.0","GBR","27"
"2026-02-16","106072","Alexey Vatutin","409","116","0.0","0.0","RUS","33"
"2026-02-16","209167","Olle Wallin","410","116","0.0","0.0","SWE","24"
"2026-02-16","211325","Aryan Shah","411","116","-2.0","-10.0","IND","20"
"2026-02-16","212020","Michele Ribecai","412","116","0.0","-1.0","ITA","23"
"2026-02-16","207186","Arthur Weber","413","115","6.0","17.0","FRA","33"
"2026-02-16","210005","Kilian Feldbausch","414","115","0.0","-2.0","SUI","20"
"2026-02-16","132573","Luca Castelnuovo","415","115","8.0","23.0","SUI","29"
"2026-02-16","","Alex Hernandez","416","115","0.0","-3.0","",""
"2026-02-16","208025","Alex Martinez","417","115","1.0","1.0","ESP","24"
"2026-02-16","131911","Lucas Poullain","418","115","0.0","-4.0","FRA","30"
"2026-02-16","106177","Oriol Roca Batalla","419","114","0.0","-3.0","ESP","32"
"2026-02-16","126183","Mariano Kestelboim","420","114","0.0","-3.0","ARG","30"
"2026-02-16","135753","Patrick Maloney","421","113","0.0","-1.0","USA","26"
"2026-02-16","207669","Robert Strombachs","422","113","4.0","9.0","LAT","26"
"2026-02-16","200666","Jie Cui","423","113","0.0","-2.0","CHN","28"
"2026-02-16","207527","Buvaysar Gadamauri","424","113","0.0","-2.0","BEL","25"
"2026-02-16","211711","Braden Shick","425","112","23.0","58.0","USA","22"
"2026-02-16","105430","Radu Albot","426","112","0.0","-3.0","MDA","36"
"2026-02-16","200374","Nicolas Alvarez Varona","427","111","-12.0","-45.0","ESP","24"
"2026-02-16","206912","Stuart Parker","428","111","0.0","-3.0","GBR","28"
"2026-02-16","207484","Neil Oberleitner","429","111","-1.0","-5.0","AUT","26"
"2026-02-16","206553","Luca Potenza","430","111","0.0","-3.0","ITA","25"
"2026-02-16","207200","Cyril Vandermeersch","431","111","0.0","-5.0","FRA","26"
"2026-02-16","210250","Erik Arutiunian","432","110","3.0","8.0","BLR","21"
"2026-02-16","134068","Vadym Ursu","433","110","0.0","-4.0","UKR","29"
"2026-02-16","109054","Daniel Masur","434","108","0.0","-1.0","GER","31"
"2026-02-16","210425","Svyatoslav Gulin","435","108","-1.0","-3.0","RUS","23"
"2026-02-16","210000","Karan Singh","436","108","0.0","-2.0","IND","22"
"2026-02-16","109303","Stefano Napolitano","437","107","0.0","-1.0","ITA","30"
"2026-02-16","207129","Yanki Erel","438","107","0.0","-1.0","TUR","25"
"2026-02-16","200484","Rudolf Molleker","439","107","0.0","2.0","GER","25"
"2026-02-16","202113","Hikaru Shiraishi","440","107","0.0","2.0","JPN","25"
"2026-02-16","","Roberto Cid Subervi","441","106","-1.0","-6.0","",""
"2026-02-16","209931","Lukas Pokorny","442","106","0.0","1.0","SVK","23"
"2026-02-16","212077","Lorenzo Carboni","443","106","-4.0","-15.0","ITA","19"
"2026-02-16","211661","Juan Estevez","444","106","0.0","0.0","ARG","20"
"2026-02-16","210682","Federico Bondioli","445","106","0.0","0.0","ITA","20"
"2026-02-16","134329","Blake Ellis","446","105","6.0","12.0","AUS","27"
"2026-02-16","202359","Marvin Moeller","447","105","0.0","-1.0","GER","27"
"2026-02-16","209898","Dali Blanch","448","105","1.0","-1.0","USA","22"
"2026-02-16","207502","Stefan Palosi","449","104","0.0","-1.0","ROU","26"
"2026-02-16","208649","Andrew Fenty","450","103","2.0","5.0","USA","25"
"2026-02-16","210085","Lui Maxted","451","102","1.0","3.0","GBR","22"
"2026-02-16","208044","Etienne Donnet","452","102","0.0","-3.0","FRA","25"
"2026-02-16","200495","Eduardo Ribeiro","453","102","0.0","-3.0","BRA","27"
"2026-02-16","209984","Milos Karol","454","102","0.0","-3.0","SVK","23"
"2026-02-16","208328","Max Wiskandt","455","102","0.0","-3.0","GER","24"
"2026-02-16","208230","Alibek Kachmazov","456","101","0.0","-3.0","RUS","23"
"2026-02-16","105938","Antoine Escoffier","457","101","-6.0","-18.0","FRA","33"
"2026-02-16","212225","Thomas Faurel","458","101","0.0","-2.0","FRA","20"
"2026-02-16","207878","James Story","459","100","0.0","-2.0","GBR","24"
"2026-02-16","209080","Blaise Bicknell","460","99","4.0","8.0","JAM","24"
"2026-02-16","209983","Mika Brunold","461","98","0.0","-2.0","SUI","21"
"2026-02-16","209264","Pietro Fellin","462","98","0.0","-2.0","ITA","24"
"2026-02-16","211504","Jack Loge","463","98","0.0","-2.0","BEL","21"
"2026-02-16","200184","Andrey Chepelev","464","98","0.0","-2.0","RUS","27"
"2026-02-16","105655","Hiroki Moriya","465","97","22.0","74.0","JPN","35"
"2026-02-16","208189","Gianmarco Ferrari","466","97","0.0","-3.0","ITA","25"
"2026-02-16","206867","Tommaso Compagnucci","467","96","15.0","42.0","ITA","26"
"2026-02-16","","Alexander Binda","468","96","-1.0","-4.0","",""
"2026-02-16","209254","Valerio Aboian","469","95","0.0","-3.0","ARG","23"
"2026-02-16","212207","Ognjen Milic","470","95","0.0","-3.0","SRB","18"
"2026-02-16","207728","Moerani Bouzige","471","95","0.0","-2.0","AUS","26"
"2026-02-16","202290","Dhakshineswar Suresh","472","94","0.0","-2.0","IND","25"
"2026-02-16","126523","Bernabe Zapata Miralles","473","94","0.0","-2.0","ESP","29"
"2026-02-16","210107","Bor Artnak","474","94","0.0","-2.0","SLO","21"
"2026-02-16","207992","Cannon Kingsley","475","93","7.0","20.0","USA","24"
"2026-02-16","211902","Henry Searle","476","93","2.0","4.0","GBR","19"
"2026-02-16","207490","Carlos Lopez Montagud","477","93","-1.0","-4.0","ESP","25"
"2026-02-16","208092","Filippo Moroni","478","92","0.0","-4.0","ITA","25"
"2026-02-16","207998","Takuya Kumasaka","479","92","0.0","-4.0","JPN","27"
"2026-02-16","207708","Dusan Obradovic","480","92","0.0","-4.0","SRB","24"
"2026-02-16","106290","Filip Peliwo","481","92","0.0","-4.0","POL","32"
"2026-02-16","207239","Nikolay Vylegzhanin","482","91","0.0","-4.0","RUS","25"
"2026-02-16","144814","Eero Vasa","483","90","-1.0","-4.0","FIN","29"
"2026-02-16","105339","Yan Bai","484","89","0.0","-2.0","CHN","36"
"2026-02-16","200462","Andrea Guerrieri","485","89","0.0","-1.0","ITA","27"
"2026-02-16","210142","Olaf Pieczkowski","486","89","8.0","21.0","POL","21"
"2026-02-16","209318","Petr Nesterov","487","89","0.0","-2.0","BUL","22"
"2026-02-16","211768","Manas Dhamne","488","89","0.0","-2.0","IND","18"
"2026-02-16","","Jay Friend","489","88","0.0","-2.0","",""
"2026-02-16","200216","Giovanni Fonio","490","88","-2.0","-9.0","ITA","27"
"2026-02-16","209362","Aristotelis Thanos","491","87","0.0","-2.0","GRE","24"
"2026-02-16","133872","Enrico Dalla Valle","492","87","0.0","-1.0","ITA","27"
"2026-02-16","209274","Carl Emil Overbeck","493","87","0.0","-3.0","DEN","24"
"2026-02-16","210399","Edward Winter","494","87","0.0","-2.0","AUS","21"
"2026-02-16","","Tsung-Hao Huang","495","87","0.0","-2.0","",""
"2026-02-16","207605","Jakub Paul","496","86","-10.0","-31.0","SUI","26"
"2026-02-16","105806","Mirza Basic","497","86","0.0","-3.0","BIH","34"
"2026-02-16","202271","Lorenzo Joaquin Rodriguez","498","85","-3.0","-10.0","ARG","26"
"2026-02-16","117359","Jake Delaney","499","85","0.0","-2.0","AUS","28"
"2026-02-16","106362","Laurent Lokoli","500","84","0.0","-2.0","FRA","31"
"2026-02-16","210340","Philip Sekulic","501","84","4.0","11.0","AUS","22"
"2026-02-16","207704","Alex Marti Pujolras","502","84","-2.0","-6.0","ESP","27"
"2026-02-16","212219","Mees Rottgering","503","84","25.0","111.0","NED","18"
"2026-02-16","210214","Joao Eduardo Schiessl","504","84","0.0","-5.0","BRA","21"
"2026-02-16","200550","Vladyslav Orlov","505","84","0.0","-5.0","UKR","30"
"2026-02-16","148679","Henry Bernet","506","83","0.0","-4.0","SUI","19"
"2026-02-16","213608","Moise Kouame","507","83","0.0","-4.0","FRA","16"
"2026-02-16","209088","Quinn Vandecasteele","508","83","3.0","7.0","USA","23"
"2026-02-16","207657","Tristan Mccormick","509","83","0.0","-5.0","USA","26"
"2026-02-16","212531","Nicolas Arseneault","510","82","-1.0","-9.0","CAN","19"
"2026-02-16","126208","Yusuke Takahashi","511","82","0.0","-5.0","JPN","28"
"2026-02-16","202366","Tadeas Paroulek","512","81","0.0","-2.0","CZE","26"
"2026-02-16","127123","Mateus Alves","513","81","0.0","-2.0","BRA","25"
"2026-02-16","212090","Sergio Callejon Hernando","514","81","4.0","13.0","ESP","21"
"2026-02-16","200661","Yuki Mochizuki","515","80","4.0","16.0","JPN","28"
"2026-02-16","200255","Alexander Weis","516","80","-1.0","-8.0","ITA","28"
"2026-02-16","211530","Tomasz Berkieta","517","80","3.0","8.0","POL","19"
"2026-02-16","210025","Branko Djuric","518","80","0.0","-4.0","SRB","21"
"2026-02-16","201987","Masamichi Imamura","519","79","6.0","30.0","JPN","27"
"2026-02-16","210129","Samuele Pieri","520","79","0.0","-3.0","ITA","23"
"2026-02-16","202354","Matthew Dellavedova","521","79","2.0","9.0","AUS","25"
"2026-02-16","210034","Shunsuke Mitsui","522","78","0.0","-4.0","JPN","23"
"2026-02-16","105952","Renzo Olivo","523","78","0.0","-4.0","ARG","33"
"2026-02-16","208158","Dominik Palan","524","78","0.0","-4.0","CZE","25"
"2026-02-16","","Mukund Sasikumar","525","78","-2.0","-12.0","",""
"2026-02-16","210650","Stefan Adrian Andreescu","526","78","0.0","-5.0","ROU","24"
"2026-02-16","207764","Ryan Nijboer","527","78","2.0","9.0","NED","26"
"2026-02-16","209251","Stefan Popovic","528","78","-2.0","-12.0","SRB","22"
"2026-02-16","206325","Pedro Vives Marcos","529","77","0.0","-7.0","ESP","24"
"2026-02-16","207987","Ryuki Matsuda","530","77","0.0","-7.0","JPN","26"
"2026-02-16","207993","Justin Boulais","531","77","0.0","-7.0","CAN","24"
"2026-02-16","211898","Mae Malige","532","77","0.0","-6.0","FRA","19"
"2026-02-16","211621","Arthur Nagel","533","77","0.0","-5.0","FRA","22"
"2026-02-16","106172","Maxime Chazal","534","76","21.0","104.0","FRA","32"
"2026-02-16","105814","Maximilian Neuchrist","535","76","0.0","-3.0","AUT","34"
"2026-02-16","208586","Joshua Sheehy","536","75","0.0","1.0","USA","29"
"2026-02-16","212268","Max Schoenhaus","537","75","0.0","1.0","GER","18"
"2026-02-16","209302","Peter Fajta","538","75","0.0","2.0","HUN","23"
"2026-02-16","210393","Maxim Zhukov","539","75","0.0","2.0","RUS","21"
"2026-02-16","208322","Eric Vanshelboim","540","75","0.0","2.0","UKR","24"
"2026-02-16","210470","Tai Sach","541","75","5.0","20.0","AUS","23"
"2026-02-16","126125","Maxime Janvier","542","75","3.0","10.0","FRA","29"
"2026-02-16","202326","Ivan Marrero Curbelo","543","74","0.0","0.0","ESP","27"
"2026-02-16","208297","Maxwell Mckennon","544","74","0.0","0.0","USA","23"
"2026-02-16","","Fares Zakaria","545","74","-2.0","-11.0","",""
"2026-02-16","209191","Oleksandr Ovcharenko","546","74","0.0","0.0","UKR","24"
"2026-02-16","211727","Pavle Marinkov","547","74","0.0","-2.0","AUS","20"
"2026-02-16","","Khumoyun Sultanov","548","73","0.0","0.0","",""
"2026-02-16","206662","Georgii Kravchenko","549","73","4.0","17.0","UKR","25"
"2026-02-16","132744","Alberto Barroso Campos","550","73","-3.0","-15.0","ESP","29"
"2026-02-16","210121","Kokoro Isomura","551","73","3.0","13.0","JPN","23"
"2026-02-16","209510","Nino Ehrenschneider","552","72","0.0","-1.0","GER","24"
"2026-02-16","110618","Elmar Ejupovic","553","71","0.0","0.0","GER","33"
"2026-02-16","210714","Robin Catry","554","71","0.0","1.0","FRA","23"
"2026-02-16","126762","Aleksandre Bakshi","555","71","-5.0","-22.0","GEO","28"
"2026-02-16","211636","Lucio Ratti","556","71","0.0","1.0","ARG","22"
"2026-02-16","208063","Paulo Andre Saraiva Dos Santos","557","71","0.0","1.0","BRA","25"
"2026-02-16","106137","Tristan Lamasine","558","70","0.0","1.0","FRA","32"
"2026-02-16","211542","Filippo Romano","559","70","0.0","1.0","ITA","20"
"2026-02-16","","Amr Elsayed","560","70","0.0","2.0","",""
"2026-02-16","207803","Igor Gimenez","561","70","0.0","2.0","BRA","25"
"2026-02-16","210730","Reda Bennani","562","69","0.0","3.0","MAR","19"
"2026-02-16","209959","Woobin Shin","563","69","0.0","4.0","KOR","22"
"2026-02-16","210285","Sebastian Sorger","564","69","0.0","4.0","AUT","20"
"2026-02-16","208253","Niels Visker","565","69","0.0","4.0","NED","24"
"2026-02-16","208457","Radu Mihai Papoe","566","68","2.0","15.0","ROU","23"
"2026-02-16","207601","Manuel Mazza","567","68","1.0","8.0","ITA","26"
"2026-02-16","209142","Sebastian Gima","568","68","0.0","2.0","ROU","23"
"2026-02-16","144970","Constantin Bittoun Kouzmine","569","68","1.0","11.0","FRA","27"
"2026-02-16","200325","Emil Ruusuvuori","570","67","-6.0","-23.0","FIN","26"
"2026-02-16","208819","Max Hans Rehberg","571","67","0.0","0.0","GER","22"
"2026-02-16","106310","Alexander Ritschard","572","67","0.0","0.0","SUI","31"
"2026-02-16","105575","Ricardas Berankis","573","67","0.0","0.0","LTU","35"
"2026-02-16","207907","Arda Azkara","574","67","0.0","0.0","TUR","22"
"2026-02-16","209518","Tibo Colson","575","67","0.0","1.0","BEL","25"
"2026-02-16","208071","Oleksii Krutykh","576","67","0.0","1.0","UKR","25"
"2026-02-16","207220","Taha Baadi","577","67","0.0","1.0","CAN","24"
"2026-02-16","210668","Massimo Giunta","578","67","13.0","70.0","ITA","21"
"2026-02-16","149099","Joaquin Aguilar Cardozo","579","66","0.0","3.0","URU",""
"2026-02-16","200070","Kirill Kivattsev","580","66","0.0","3.0","RUS","28"
"2026-02-16","105944","Juan Sebastian Gomez","581","65","0.0","3.0","COL","33"
"2026-02-16","200096","Dragos Nicolae Madaras","582","65","0.0","3.0","SWE","28"
"2026-02-16","207181","Govind Nanda","583","65","0.0","3.0","USA","24"
"2026-02-16","210731","Filip Jeff Planinsek","584","65","0.0","3.0","SLO","24"
"2026-02-16","200214","Alan Fernando Rubio Fierros","585","65","0.0","3.0","MEX","27"
"2026-02-16","202398","Michael Vrbensky","586","65","0.0","3.0","CZE","26"
"2026-02-16","211756","Michal Krajci","587","65","0.0","3.0","SVK","21"
"2026-02-16","210054","Matthew William Donald","588","65","0.0","3.0","CZE","21"
"2026-02-16","208876","Egor Agafonov","589","64","-7.0","-35.0","RUS","23"
"2026-02-16","200014","Digvijaypratap Singh","590","64","0.0","2.0","IND","25"
"2026-02-16","210398","Gabriele Pennaforti","591","64","-8.0","-41.0","ITA","25"
"2026-02-16","209863","Leo Borg","592","64","0.0","1.0","SWE","22"
"2026-02-16","202150","Dan Alexandru Tomescu","593","63","0.0","1.0","ROU","26"
"2026-02-16","144985","Ergi Kirkin","594","63","0.0","1.0","TUR","27"
"2026-02-16","211628","Koki Matsuda","595","63","0.0","1.0","JPN","25"
"2026-02-16","126627","Johan Nikles","596","63","-8.0","-40.0","SUI","28"
"2026-02-16","211639","Alejo Sanchez Quilez","597","63","1.0","2.0","ESP","20"
"2026-02-16","212785","Carlos Maria Zarate","598","63","0.0","-1.0","ARG",""
"2026-02-16","207202","Karl Poling","599","63","-4.0","-20.0","USA","26"
"2026-02-16","210029","Bruno Kuzuhara","600","63","-14.0","-71.0","USA","21"
"2026-02-16","212258","Adhithya Ganesan","601","62","0.0","-1.0","USA","20"
"2026-02-16","101495","Miguel Tobon","602","62","0.0","-1.0","COL","19"
"2026-02-16","144751","Rigele Te","603","61","7.0","43.0","CHN","28"
"2026-02-16","210687","Pawit Sornlaksup","604","61","0.0","-2.0","THA","26"
"2026-02-16","125806","Dominik Kellovsky","605","61","0.0","-2.0","CZE","29"
"2026-02-16","210498","Gerard Campana Lee","606","61","2.0","9.0","KOR","21"
"2026-02-16","200572","Nick Hardt","607","60","0.0","-3.0","DOM","25"
"2026-02-16","","Alafia Ayeni","608","60","8.0","50.0","",""
"2026-02-16","210604","Loann Massard","609","60","0.0","-3.0","FRA","20"
"2026-02-16","133794","S D Prajwal Dev","610","60","3.0","17.0","IND","29"
"2026-02-16","","Denis Klok","611","60","4.0","24.0","",""
"2026-02-16","212598","Emilien Demanet","612","60","0.0","-5.0","BEL","20"
"2026-02-16","207660","Nicholas David Ionel","613","60","0.0","-5.0","ROU","23"
"2026-02-16","131934","Andrea Vavassori","614","59","-64.0","-234.0","ITA","30"
"2026-02-16","210545","Luis Carlos Alvarez","615","59","0.0","-5.0","MEX","21"
"2026-02-16","210721","Iliyan Radulov","616","59","0.0","-5.0","BUL","20"
"2026-02-16","208854","Aidan Mayo","617","59","0.0","-5.0","USA","22"
"2026-02-16","207793","Alec Deckers","618","59","0.0","-5.0","NED","25"
"2026-02-16","212749","Andres Santamarta Roig","619","59","-1.0","-14.0","ESP","19"
"2026-02-16","213149","Felix Balshaw","620","59","4.0","21.0","FRA","19"
"2026-02-16","144907","Adrian Oetzbach","621","59","-1.0","-12.0","GER","28"
"2026-02-16","209120","Yassine Dlimi","622","58","0.0","-6.0","MAR","22"
"2026-02-16","122495","Shintaro Imai","623","58","0.0","-6.0","JPN","32"
"2026-02-16","202277","Damien Wenger","624","58","0.0","-6.0","SUI","25"
"2026-02-16","211543","Lorenzo Sciahbasi","625","58","0.0","-6.0","ITA","20"
"2026-02-16","208605","Mario Gonzalez Fernandez","626","58","1.0","2.0","ESP","23"
"2026-02-16","202209","Imanol Lopez Morillo","627","58","1.0","2.0","ESP","26"
"2026-02-16","144923","Louis Wessels","628","58","0.0","-7.0","GER","27"
"2026-02-16","200297","Aziz Ouakaa","629","58","0.0","-7.0","TUN","26"
"2026-02-16","200218","Mate Valkusz","630","57","0.0","-7.0","HUN","27"
"2026-02-16","213635","Jacopo Vasami","631","57","0.0","-7.0","ITA","18"
"2026-02-16","111788","Naoki Nakagawa","632","57","4.0","18.0","JPN","29"
"2026-02-16","212190","Karol Filar","633","57","0.0","-8.0","POL","27"
"2026-02-16","","Kuan-Yi Lee","634","57","0.0","-8.0","",""
"2026-02-16","200445","Maxence Beauge","635","57","-1.0","-15.0","FRA","25"
"2026-02-16","134457","Nicolas Moreno De Alboran","636","56","0.0","-6.0","USA","28"
"2026-02-16","211501","Kenta Miyoshi","637","56","0.0","-5.0","JPN","21"
"2026-02-16","200665","Yuta Kawahashi","638","56","0.0","-5.0","JPN","28"
"2026-02-16","212305","Juan Cruz Martin Manzano","639","56","0.0","-5.0","ITA","21"
"2026-02-16","200228","Felix Corwin","640","56","3.0","12.0","USA","29"
"2026-02-16","207776","William Grant","641","56","1.0","1.0","USA","25"
"2026-02-16","209338","Daniel Siniakov","642","55","0.0","-6.0","CZE","23"
"2026-02-16","210083","Jakub Nicod","643","55","0.0","-6.0","CZE","21"
"2026-02-16","110602","Dennis Novak","644","55","0.0","-5.0","AUT","32"
"2026-02-16","202168","Ye Cong Mo","645","55","0.0","-5.0","CHN","25"
"2026-02-16","212160","Ryan Fishback","646","55","2.0","9.0","USA","23"
"2026-02-16","208168","Nicolas Tepmahc","647","55","14.0","96.0","FRA","24"
"2026-02-16","208343","Andrew Paulson","648","54","0.0","-5.0","CZE","24"
"2026-02-16","144841","Christian Sigsgaard","649","54","0.0","-5.0","DEN","28"
"2026-02-16","211550","Yusuke Kusuhara","650","54","0.0","-5.0","JPN","28"
"2026-02-16","208099","Santiago De La Fuente","651","54","0.0","-4.0","ARG","24"
"2026-02-16","212202","Alvin Nicholas Tudorica","652","54","-8.0","-54.0","CAN","24"
"2026-02-16","","Johan Alexander Rodriguez","653","53","0.0","-4.0","",""
"2026-02-16","209506","Francesco Forti","654","53","0.0","-3.0","ITA","26"
"2026-02-16","209517","Igor Kudriashov","655","53","1.0","5.0","RUS","22"
"2026-02-16","200030","Facundo Juarez","656","53","0.0","-3.0","ITA","28"
"2026-02-16","208431","Semen Pankin","657","53","0.0","-3.0","RUS","26"
"2026-02-16","133997","Sergi Perez Contri","658","53","3.0","20.0","ESP","28"
"2026-02-16","210320","Kyle Kang","659","52","0.0","-3.0","USA","21"
"2026-02-16","210077","Aidan Kim","660","52","0.0","-3.0","USA","21"
"2026-02-16","207664","Luca Staeheli","661","52","4.0","28.0","SUI","25"
"2026-02-16","","Toby Kodat","662","52","0.0","-3.0","",""
"2026-02-16","211618","Jan Kumstat","663","52","0.0","-1.0","CZE","19"
"2026-02-16","202418","Stijn Slump","664","52","0.0","-3.0","NED","27"
"2026-02-16","200713","Federico Iannaccone","665","52","0.0","-2.0","ITA","26"
"2026-02-16","132831","Giovanni Oradini","666","52","0.0","-2.0","ITA","28"
"2026-02-16","211673","Duncan Chan","667","51","0.0","-2.0","CAN","20"
"2026-02-16","106264","Karue Sell","668","51","0.0","-2.0","BRA","32"
"2026-02-16","211767","James Watt","669","51","0.0","-2.0","NZL","25"
"2026-02-16","213178","Cruz Hewitt","670","51","0.0","-2.0","AUS","17"
"2026-02-16","212886","Radu David Turcanu","671","51","0.0","-2.0","ROU","19"
"2026-02-16","212157","Timofei Derepasko","672","51","1.0","3.0","RUS","19"
"2026-02-16","208153","Giuseppe La Vela","673","51","0.0","-3.0","ITA","25"
"2026-02-16","209337","Luca Castagnola","674","51","0.0","-3.0","ITA","23"
"2026-02-16","122113","Yurii Dzhavakian","675","51","0.0","-3.0","UKR","32"
"2026-02-16","210686","Michael Agwi","676","50","0.0","-3.0","IRL","22"
"2026-02-16","208426","Tiago Torres","677","50","0.0","-3.0","POR","23"
"2026-02-16","207760","Anton Matusevich","678","50","3.0","16.0","GBR","24"
"2026-02-16","208265","Pierre Delage","679","50","0.0","-3.0","FRA","25"
"2026-02-16","207994","Chase Ferguson","680","50","0.0","-3.0","AUS","27"
"2026-02-16","212029","Dimitris Sakellaridis","681","50","0.0","-2.0","GRE","19"
"2026-02-16","200574","Alexander Donski","682","49","0.0","-2.0","BUL","27"
"2026-02-16","213003","Pierluigi Basile","683","49","0.0","-1.0","ITA","19"
"2026-02-16","200270","Alex Knaff","684","49","0.0","-1.0","LUX","28"
"2026-02-16","208126","John Echeverria","685","49","7.0","47.0","ESP","24"
"2026-02-16","106168","Sidharth Rawat","686","49","4.0","29.0","IND","32"
"2026-02-16","210505","Marcel Zielinski","687","49","0.0","0.0","POL","25"
"2026-02-16","210599","Ryan Dickerson","688","49","0.0","-2.0","USA","28"
"2026-02-16","211324","Mitsuki Wei Kang Leong","689","49","2.0","8.0","MAS","21"
"2026-02-16","134389","Tim Handel","690","49","0.0","-2.0","GER","29"
"2026-02-16","212969","Matisse Bobichon","691","48","0.0","-1.0","FRA","24"
"2026-02-16","212286","Rodrigo Alujas","692","48","0.0","-1.0","MEX","23"
"2026-02-16","209971","Michael Bassem Sobhy","693","48","0.0","-1.0","EGY","21"
"2026-02-16","111505","Enzo Couacaud","694","47","-2.0","-13.0","FRA","30"
"2026-02-16","106075","Jozef Kovalik","695","47","0.0","-2.0","SVK","33"
"2026-02-16","205842","Arthur Reymond","696","47","0.0","-1.0","FRA","26"
"2026-02-16","209904","Alejandro Manzanera Pertusa","697","47","-2.0","-13.0","ESP","22"
"2026-02-16","209043","Yuta Kikuchi","698","47","0.0","-2.0","JPN","26"
"2026-02-16","211524","Abel Forger","699","47","-2.0","-14.0","NED","20"
"2026-02-16","210295","Cooper Williams","700","46","0.0","-2.0","USA","20"
"2026-02-16","209185","Alessandro Pecci","701","46","8.0","62.0","ITA","24"
"2026-02-16","208411","Daniel Antonio Nunez","702","46","0.0","-2.0","CHI","24"
"2026-02-16","210715","Yaroslav Demin","703","46","0.0","-2.0","RUS","20"
"2026-02-16","209234","Axel Garcian","704","46","0.0","-2.0","FRA",""
"2026-02-16","209140","Millen Hurrion","705","46","0.0","-1.0","GBR","26"
"2026-02-16","212221","Tianhui Zhang","706","46","0.0","-1.0","CHN","19"
"2026-02-16","104932","Kenny De Schepper","707","46","0.0","-1.0","FRA","38"
"2026-02-16","210672","Leo Vithoontien","708","46","0.0","-1.0","JPN","26"
"2026-02-16","106378","Kyle Edmund","709","45","0.0","-1.0","GBR","31"
"2026-02-16","106005","Constant Lestienne","710","45","0.0","-1.0","FRA","33"
"2026-02-16","212104","Pablo Martinez Gomez","711","45","0.0","-1.0","ESP","19"
"2026-02-16","210744","Kaylan Bigun","712","45","0.0","1.0","USA","19"
"2026-02-16","126335","Sora Fukuda","713","45","0.0","1.0","JPN","28"
"2026-02-16","212244","Gabriel Ghetu","714","45","0.0","2.0","ROU","18"
"2026-02-16","212070","Ali Yazdani","715","45","0.0","2.0","IRI","22"
"2026-02-16","210099","Dinko Dinev","716","45","1.0","5.0","BUL","22"
"2026-02-16","126177","Strong Kirchheimer","717","45","0.0","1.0","USA","30"
"2026-02-16","105700","Jose Pereira","718","44","0.0","2.0","BRA","35"
"2026-02-16","209867","Daniil Ostapenkov","719","44","-2.0","-16.0","BLR","22"
"2026-02-16","211901","Yanis Ghazouani Durand","720","44","0.0","2.0","FRA","25"
"2026-02-16","106234","Aslan Karatsev","721","43","0.0","3.0","RUS","32"
"2026-02-16","209124","Blu Baker","722","43","0.0","3.0","GBR","24"
"2026-02-16","109946","Pedro Rodrigues","723","43","0.0","3.0","BRA","19"
"2026-02-16","123993","Lucas Gerch","724","43","-3.0","-25.0","GER","31"
"2026-02-16","202154","Uisung Park","725","43","0.0","2.0","KOR","25"
"2026-02-16","207557","Maik Steiner","726","43","0.0","3.0","GER","31"
"2026-02-16","209985","Amaury Raynel","727","43","0.0","1.0","FRA","23"
"2026-02-16","200086","Toufik Sahtali","728","43","8.0","65.0","ALG","27"
"2026-02-16","133820","Ignacio Monzon","729","43","1.0","8.0","ARG","28"
"2026-02-16","213001","Mika Petkovic","730","43","0.0","0.0","GER","19"
"2026-02-16","210079","Jisung Nam","731","42","0.0","0.0","KOR","32"
"2026-02-16","210063","Matyas Cerny","732","42","0.0","1.0","CZE","24"
"2026-02-16","209163","Emile Hudd","733","42","7.0","54.0","GBR","25"
"2026-02-16","124040","Colin Sinclair","734","42","7.0","58.0","NMI","31"
"2026-02-16","202230","Maxence Bertimon","735","42","0.0","-1.0","FRA","26"
"2026-02-16","211758","Matthew Summers","736","42","0.0","-1.0","GBR","27"
"2026-02-16","149145","Matteo Covato","737","42","0.0","-1.0","ITA","20"
"2026-02-16","117356","Cem Ilkel","738","41","-15.0","-107.0","TUR","30"
"2026-02-16","138485","Conner Huertas Del Pino","739","41","0.0","0.0","PER","30"
"2026-02-16","210513","Tuncay Duran","740","41","-4.0","-29.0","TUR","21"
"2026-02-16","210726","Cesar Bouchelaghem","741","41","2.0","13.0","FRA","21"
"2026-02-16","126209","Peter Bertran","742","41","-4.0","-30.0","DOM","29"
"2026-02-16","207535","Marlon Vankan","743","41","0.0","-3.0","GER","25"
"2026-02-16","210537","Josip Simundza","744","41","0.0","-3.0","CRO","21"
"2026-02-16","200632","Evan Zhu","745","41","-1.0","-7.0","USA","27"
"2026-02-16","202346","Ben Jones","746","41","1.0","6.0","GBR","27"
"2026-02-16","209128","Diego Augusto Barreto Sanchez","747","41","-3.0","-24.0","ESP","23"
"2026-02-16","109739","Maximilian Marterer","748","40","0.0","-3.0","GER","30"
"2026-02-16","106401","Nick Kyrgios","749","40","0.0","-3.0","AUS","30"
"2026-02-16","208078","Tomas Farjat","750","40","0.0","-2.0","ARG","25"
"2026-02-16","210254","Adrien Gobat","751","40","0.0","-2.0","FRA","24"
"2026-02-16","132999","Kai Wehnelt","752","40","-1.0","-10.0","GER","30"
"2026-02-16","212830","Samuel Alejandro Linde Palacios","753","40","0.0","-3.0","COL","18"
"2026-02-16","210200","Yanaki Milev","754","40","0.0","-3.0","BUL","21"
"2026-02-16","202148","Michiel De Krom","755","40","-1.0","-11.0","NED","27"
"2026-02-16","210048","Pierre Yves Bailly","756","39","1.0","4.0","BEL","22"
"2026-02-16","134794","Alexis Gautier","757","39","0.0","-4.0","FRA","28"
"2026-02-16","209385","Samuel Vincent Ruggeri","758","39","15.0","136.0","ITA","23"
"2026-02-16","209416","Juan Carlos Aguilar","759","39","-1.0","-12.0","CAN","27"
"2026-02-16","209164","Lorenzo Rottoli","760","39","0.0","-4.0","ITA","23"
"2026-02-16","210447","Leo Raquillet","761","39","0.0","-6.0","FRA","20"
"2026-02-16","208386","Matt Kuhar","762","39","1.0","6.0","USA","29"
"2026-02-16","200330","Tomas Curras Abasolo","763","39","0.0","-6.0","ESP","25"
"2026-02-16","211409","Guillaume Dalmasso","764","39","0.0","-6.0","FRA","23"
"2026-02-16","212831","Samuel Heredia","765","39","0.0","-6.0","COL","19"
"2026-02-16","202089","Aleksandr Braynin","766","39","2.0","5.0","UKR","26"
"2026-02-16","","Fryderyk Lechno-Wasiutynski","767","38","0.0","-6.0","",""
"2026-02-16","210494","Theo Papamalamis","768","38","0.0","-6.0","FRA","20"
"2026-02-16","210236","Attila Boros","769","38","1.0","0.0","HUN","22"
"2026-02-16","132017","Mwendwa Mbithi","770","38","0.0","-6.0","USA","28"
"2026-02-16","208861","Keisuke Saitoh","771","38","0.0","-6.0","JPN","24"
"2026-02-16","144915","Mikalai Haliak","772","38","0.0","-6.0","BLR","27"
"2026-02-16","207893","Daniel De Jonge","773","38","0.0","-6.0","NED","26"
"2026-02-16","212788","Amir Omarkhanov","774","38","4.0","31.0","KAZ","18"
"2026-02-16","144748","Kris Van Wyk","775","37","0.0","-5.0","RSA","29"
"2026-02-16","210223","Leonardo Rossi","776","37","1.0","4.0","ITA","23"
"2026-02-16","210294","Jack Anthrop","777","36","0.0","-5.0","USA","22"
"2026-02-16","211558","Karim Bennani","778","36","0.0","-5.0","MAR","18"
"2026-02-16","209866","Karlis Ozolins","779","36","3.0","32.0","LAT","23"
"2026-02-16","210098","Victor Lilov","780","36","0.0","-6.0","USA","22"
"2026-02-16","207788","Thanapet Chanta","781","36","0.0","-6.0","THA","26"
"2026-02-16","105868","Wilson Leite","782","36","0.0","-6.0","BRA","34"
"2026-02-16","209095","Francisco Rocha","783","36","0.0","-6.0","POR","26"
"2026-02-16","213713","Melios Efstathiou","784","36","0.0","-5.0","CYP",""
"2026-02-16","212455","Lucas Andrade Da Silva","785","35","0.0","-4.0","BRA","21"
"2026-02-16","208267","Oscar Weightman","786","35","0.0","-4.0","GBR","24"
"2026-02-16","210488","Roger Pascual Ferra","787","35","0.0","-4.0","ESP","19"
"2026-02-16","129814","Ivan Ivanov","788","35","0.0","-3.0","BUL","17"
"2026-02-16","200538","Matyas Fuele","789","35","0.0","-3.0","HUN","27"
"2026-02-16","209278","Alec Beckley","790","35","0.0","-2.0","RSA","24"
"2026-02-16","","M Rifki Fitriadi","791","35","0.0","-2.0","",""
"2026-02-16","210218","Bruno Fernandez","792","35","0.0","-2.0","BRA","21"
"2026-02-16","212603","Benjamin Torrealba","793","35","0.0","-2.0","CHI","20"
"2026-02-16","212978","Izan Almazan Valiente","794","35","4.0","34.0","ESP","19"
"2026-02-16","211391","Iannis Miletich","795","35","0.0","0.0","ITA","20"
"2026-02-16","121264","Oscar Jose Gutierrez","796","35","0.0","0.0","BRA","32"
"2026-02-16","106397","Wishaya Trongcharoenchaikul","797","35","0.0","0.0","THA","30"
"2026-02-16","106398","Pedro Cachin","798","34","-10.0","-79.0","ARG","30"
"2026-02-16","125802","Ilya Ivashka","799","34","0.0","-1.0","BLR","31"
"2026-02-16","","Nikita Belozertsev","800","34","-1.0","-16.0","",""
"2026-02-16","211479","Gustavo Ribeiro De Almeida","801","34","0.0","-1.0","BRA","19"
"2026-02-16","212784","Maximo Zeitune","802","34","0.0","-1.0","ARG","18"
"2026-02-16","209038","Linang Xiao","803","34","0.0","-1.0","CHN","25"
"2026-02-16","209330","Bautista Vilicich","804","34","0.0","-1.0","ARG","24"
"2026-02-16","207592","Martin Van Der Meerschen","805","34","0.0","-1.0","BEL","25"
"2026-02-16","109694","Pedro Araujo","806","34","0.0","0.0","POR","23"
"2026-02-16","208285","Fausto Tabacco","807","34","-1.0","-13.0","ITA","23"
"2026-02-16","212285","Albert Pedrico Kravtsov","808","33","0.0","-1.0","ESP","20"
"2026-02-16","202327","Marko Miladinovic","809","33","0.0","-1.0","SRB","25"
"2026-02-16","207456","Dong Ju Kim","810","33","4.0","30.0","KOR","23"
"2026-02-16","210203","Pedro Rodenas","811","33","0.0","-2.0","ESP","21"
"2026-02-16","212839","Oliver Bonding","812","33","0.0","-2.0","GBR","18"
"2026-02-16","","Duckhee Lee","813","33","0.0","-1.0","",""
"2026-02-16","208094","Jorge Plans","814","33","2.0","11.0","ESP","24"
"2026-02-16","206923","Shinji Hazawa","815","33","0.0","-2.0","JPN","26"
"2026-02-16","210629","Alejandro Juan Mano","816","33","0.0","-2.0","ESP","21"
"2026-02-16","210477","Artur Kukasian","817","33","0.0","-2.0","RUS","21"
"2026-02-16","210145","John Sperle","818","33","-3.0","-40.0","GER","24"
"2026-02-16","126185","Evgenii Tiurnev","819","32","0.0","-3.0","RUS","28"
"2026-02-16","208302","Nikola Slavic","820","32","3.0","25.0","SWE","25"
"2026-02-16","212203","Luca Preda","821","32","0.0","-4.0","ROU","19"
"2026-02-16","208055","Ajeet Rai","822","32","0.0","-4.0","NZL","27"
"2026-02-16","209246","Alan Magadan","823","32","0.0","-4.0","MEX","24"
"2026-02-16","206916","Joshua Charlton","824","32","0.0","-4.0","AUS","26"
"2026-02-16","208277","Taiyo Yamanaka","825","32","0.0","-4.0","JPN","24"
"2026-02-16","206749","Niccolo Catini","826","32","1.0","3.0","ITA","28"
"2026-02-16","106078","Egor Gerasimov","827","31","0.0","-5.0","BLR","33"
"2026-02-16","202065","Petros Tsitsipas","828","31","0.0","-5.0","GRE","25"
"2026-02-16","212025","Yannik Kelm","829","31","0.0","-5.0","GER","20"
"2026-02-16","210143","Maximilian Homberg","830","31","0.0","-4.0","GER","23"
"2026-02-16","210424","Michel Hopp","831","31","0.0","-4.0","GER","27"
"2026-02-16","208147","Alexandre Aubriot","832","31","0.0","-2.0","FRA","26"
"2026-02-16","209360","Samir Hamza Reguig","833","31","0.0","-2.0","ALG","24"
"2026-02-16","105373","Martin Klizan","834","30","0.0","-2.0","SVK","36"
"2026-02-16","209198","Gian Luca Tanner","835","30","0.0","-2.0","SUI","25"
"2026-02-16","210328","Matt Ponchet","836","30","0.0","-2.0","FRA","21"
"2026-02-16","213760","Pavel Lagutin","837","30","0.0","-2.0","RUS","20"
"2026-02-16","209099","Kristijan Juhas","838","30","0.0","-2.0","SRB","24"
"2026-02-16","210577","Alejandro Turriziani Alvarez","839","30","0.0","-2.0","ESP","23"
"2026-02-16","209882","Jeffrey Von Der Schulenburg","840","30","0.0","-2.0","SUI","24"
"2026-02-16","","Ignacio Parisca Romera","841","30","2.0","13.0","",""
"2026-02-16","144707","Mikael Ymer","842","29","0.0","-3.0","SWE","27"
"2026-02-16","210242","Ryan Colby","843","29","8.0","88.0","USA","22"
"2026-02-16","","Arklon Huertas Del Pino Cordova","844","29","0.0","-3.0","",""
"2026-02-16","106296","Gregoire Barrere","845","29","0.0","-3.0","FRA","32"
"2026-02-16","106348","Evgeny Karlovskiy","846","29","-5.0","-47.0","RUS","31"
"2026-02-16","207407","Peter Makk","847","29","2.0","13.0","HUN","24"
"2026-02-16","210132","Julio Cesar Porras","848","29","0.0","-5.0","ARG","27"
"2026-02-16","202258","Rafael Izquierdo Luque","849","29","0.0","-5.0","ESP","26"
"2026-02-16","212288","Vincent Marysko","850","29","0.0","-4.0","GER","20"
"2026-02-16","208532","Thiago Cigarran","851","29","0.0","-4.0","ARG","25"
"2026-02-16","134276","Jacob Brumm","852","29","0.0","-4.0","USA","27"
"2026-02-16","211566","Patrick Schoen","853","28","0.0","-4.0","SUI","20"
"2026-02-16","212115","Hoyoung Roh","854","28","0.0","-4.0","KOR","19"
"2026-02-16","213010","Marc Van Der Merwe","855","28","0.0","-4.0","RSA","31"
"2026-02-16","213194","Jack Kennedy","856","28","3.0","30.0","USA","17"
"2026-02-16","206921","Scott Jones","857","28","0.0","-5.0","AUS","28"
"2026-02-16","208166","Xiaofei Wang","858","28","0.0","-5.0","CHN","23"
"2026-02-16","208132","Noah Schachter","859","28","1.0","10.0","USA","26"
"2026-02-16","208925","John Hallquist Lithen","860","28","0.0","-5.0","SWE","24"
"2026-02-16","211707","Amit Vales","861","28","0.0","-5.0","ISR","20"
"2026-02-16","207383","Taisei Ichikawa","862","28","0.0","-5.0","JPN","25"
"2026-02-16","212275","Thijs Boogaard","863","27","13.0","185.0","NED","17"
"2026-02-16","210523","Luca Pow","864","27","0.0","-6.0","GBR","21"
"2026-02-16","206922","Luca Wiedenmann","865","27","0.0","-6.0","GER","27"
"2026-02-16","209914","Andreja Petrovic","866","27","0.0","-5.0","NOR","26"
"2026-02-16","209937","Giorgio Tabacco","867","27","0.0","-5.0","ITA","22"
"2026-02-16","212127","Charlie Robertson","868","27","0.0","-5.0","GBR","19"
"2026-02-16","126135","Jumpei Yamasaki","869","27","0.0","-4.0","JPN","28"
"2026-02-16","206556","Lautaro Agustin Falabella","870","27","0.0","-4.0","ARG","28"
"2026-02-16","210623","Jakub Filip","871","27","0.0","-4.0","CZE","20"
"2026-02-16","125833","Mert Naci Turker","872","27","0.0","-4.0","TUR","27"
"2026-02-16","144925","Nitin Kumar Sinha","873","27","3.0","25.0","IND","26"
"2026-02-16","209928","Kalin Ivanovski","876","26","0.0","-4.0","MKD","21"
"2026-02-16","104729","Ivan Nedelko","877","26","-1.0","-13.0","RUS","39"
"2026-02-16","200595","Lorenzo Bocchi","878","26","0.0","-5.0","ITA","28"
"2026-02-16","208533","Joao Victor Couto Loureiro","879","26","0.0","-5.0","BRA","22"
"2026-02-16","","Stefano D'Agostino","880","26","0.0","-5.0","",""
"2026-02-16","200276","Niklas Schell","881","26","0.0","-5.0","GER","27"
"2026-02-16","209253","Andrea Fiorentini","882","26","0.0","-4.0","ITA","25"
"2026-02-16","210652","Dragos Nicolae Cazacu","883","26","0.0","-4.0","ROU","22"
"2026-02-16","106423","Thanasi Kokkinakis","884","25","0.0","-3.0","AUS","29"
"2026-02-16","149842","Nicolas Ian Kotzen","885","25","0.0","-3.0","USA","22"
"2026-02-16","126165","Aoran Wang","886","25","0.0","-3.0","CHN","29"
"2026-02-16","132310","Tiago Cacao","887","25","0.0","-3.0","POR","27"
"2026-02-16","209334","Micah Braswell","888","25","0.0","-3.0","USA","24"
"2026-02-16","210265","Aleksandr Lobanov","889","25","0.0","-1.0","RUS","24"
"2026-02-16","200176","Manish Sureshkumar","890","25","0.0","-3.0","IND","26"
"2026-02-16","200671","Daisuke Sumizawa","891","25","0.0","-2.0","JPN","27"
"2026-02-16","208264","Carles Hernandez","892","25","2.0","22.0","ESP","24"
"2026-02-16","212748","Anas Mazdrashki","893","25","0.0","-3.0","BUL",""
"2026-02-16","208818","Finn Murgett","894","25","1.0","6.0","GBR","24"
"2026-02-16","210554","Marko Maksimovic","895","25","0.0","-4.0","SRB","20"
"2026-02-16","210252","Seydina Andre","896","25","-1.0","-19.0","SEN","22"
"2026-02-16","206573","Trey Hilderbrand","897","24","0.0","-5.0","USA","25"
"2026-02-16","209943","Ilya Snitari","898","24","0.0","-5.0","MDA","23"
"2026-02-16","209905","Shunsuke Nakagawa","899","24","0.0","-4.0","JPN","25"
"2026-02-16","212780","Enzo Kohlmann De Freitas","900","24","1.0","9.0","BRA","19"
"2026-02-16","","Tomas Serrano Luis","901","24","0.0","-5.0","",""
"2026-02-16","126971","Marcus Walters","902","24","0.0","-5.0","GBR","27"
"2026-02-16","126216","Alexander Klintcharov","903","24","0.0","-4.0","NZL","29"
"2026-02-16","200220","Ezekiel Clark","904","24","0.0","-2.0","USA","27"
"2026-02-16","209923","Romain Faucon","905","24","0.0","-4.0","BEL","23"
"2026-02-16","212171","Nicolas Jadoun","906","24","0.0","-3.0","FRA","23"
"2026-02-16","202124","Kosuke Ogura","907","24","1.0","10.0","JPN","30"
"2026-02-16","212733","Matthew Forbes","908","23","0.0","-4.0","USA","19"
"2026-02-16","213932","Theodore Dean","909","23","0.0","-4.0","USA","23"
"2026-02-16","209166","Calvin Mueller","910","23","0.0","-4.0","GER","25"
"2026-02-16","209394","Anton Shepp","911","23","0.0","-4.0","NZL","23"
"2026-02-16","212071","Kasra Rahmani","912","23","0.0","-1.0","IRI","19"
"2026-02-16","212269","Marc Majdandzic","913","23","0.0","-1.0","GER","21"
"2026-02-16","202125","Benjamin Pietri","914","23","0.0","-1.0","FRA","29"
"2026-02-16","213062","Nikolai Barsukov","915","23","0.0","0.0","GER",""
"2026-02-16","","Nikita Mashtakov","916","23","0.0","0.0","",""
"2026-02-16","126197","Orlando Luz","917","22","0.0","1.0","BRA","28"
"2026-02-16","210531","Paul Inchauspe","918","22","0.0","1.0","FRA","21"
"2026-02-16","210553","Jacob Bradshaw","919","22","0.0","1.0","AUS","23"
"2026-02-16","200598","Isaiah Strode","920","22","-1.0","-12.0","USA","28"
"2026-02-16","212832","Salvador Price","921","22","0.0","0.0","COL","20"
"2026-02-16","211774","Ryotaro Taguchi","922","22","0.0","0.0","JPN","25"
"2026-02-16","210483","Yaojie Zeng","923","22","0.0","0.0","CHN","24"
"2026-02-16","207404","Miles Jones","924","22","0.0","1.0","USA","25"
"2026-02-16","211649","Fernando Cavallo","925","22","0.0","-1.0","ARG","20"
"2026-02-16","209956","Dev Javia","926","22","0.0","0.0","IND","23"
"2026-02-16","208466","Evan Bynoe","927","22","0.0","1.0","USA","26"
"2026-02-16","202334","Jesse Delaney","928","22","0.0","1.0","AUS","27"
"2026-02-16","212076","Zoran Ludoski","929","21","0.0","1.0","SRB","20"
"2026-02-16","208897","Pablo Masjuan Ginel","930","21","0.0","3.0","ESP","23"
"2026-02-16","211790","Rudy Quan","931","21","0.0","1.0","USA","19"
"2026-02-16","212311","Stijn Paardekooper","932","21","0.0","2.0","NED","22"
"2026-02-16","131910","Lucas Bouquet","933","21","-2.0","-23.0","FRA","28"
"2026-02-16","207676","Adan Freire Da Silva","934","21","0.0","1.0","FRA","26"
"2026-02-16","210052","Nicolas Zanellato","935","21","0.0","1.0","BRA","24"
"2026-02-16","202275","Fermin Tenti","936","21","4.0","66.0","ARG","28"
"2026-02-16","211897","Naoya Honda","937","21","-1.0","-10.0","JPN","19"
"2026-02-16","122294","Gabriele Maria Noce","938","21","8.0","144.0","ITA","30"
"2026-02-16","208051","Axel Nefve","939","21","2.0","26.0","USA","25"
"2026-02-16","149117","Lorenzo Angelini","940","21","0.0","-3.0","ITA",""
"2026-02-16","208250","Mihai Razvan Marinescu","941","21","0.0","-3.0","ROU","24"
"2026-02-16","200441","Grigoriy Lomakin","942","21","0.0","-3.0","KAZ","27"
"2026-02-16","212958","Spencer Johnson","943","20","0.0","-2.0","USA","23"
"2026-02-16","212803","Yun Seong Chung","944","20","0.0","-2.0","KOR",""
"2026-02-16","212944","Ryo Tabata","945","20","2.0","23.0","JPN","18"
"2026-02-16","208372","Natan Rodrigues","946","20","4.0","72.0","BRA","24"
"2026-02-16","208229","Qian Sun","947","20","0.0","-3.0","CHN","24"
"2026-02-16","211564","Brian Bozemoj","948","20","0.0","-3.0","NED","22"
"2026-02-16","202077","Ewen Lumsden","949","20","1.0","10.0","GBR","25"
"2026-02-16","","Younes Lalami","950","20","0.0","-4.0","",""
"2026-02-16","144932","Kristjan Tamm","951","20","0.0","-4.0","EST","27"
"2026-02-16","209233","Pietro Marino","952","20","0.0","-4.0","ITA","24"
"2026-02-16","208057","Diego Fernandez Flores","953","20","0.0","-4.0","CHI","25"
"2026-02-16","111568","Michael Zhu","954","20","0.0","-4.0","USA","33"
"2026-02-16","126536","David Pichler","955","19","0.0","-4.0","AUT","29"
"2026-02-16","134087","Johannes Ingildsen","956","19","0.0","-4.0","DEN","28"
"2026-02-16","210028","Ozan Baris","957","19","0.0","-4.0","USA","21"
"2026-02-16","210727","Taym Al Azmeh","958","19","0.0","-4.0","GER","21"
"2026-02-16","208237","Aleksa Ciric","959","19","2.0","25.0","SRB","25"
"2026-02-16","211355","Oskar Brostrom Poulsen","960","19","0.0","-5.0","DEN","24"
"2026-02-16","106206","Jea Moon Lee","961","19","0.0","-5.0","KOR","32"
"2026-02-16","209171","Thantub Suksumrarn","962","19","0.0","-4.0","THA","24"
"2026-02-16","126581","Juan Sebastian Osorio","963","19","-1.0","-20.0","COL","28"
"2026-02-16","210429","Pietro Romeo Scomparin","964","19","0.0","-7.0","ITA","24"
"2026-02-16","202419","Justin Schlageter","965","19","0.0","-5.0","GER","24"
"2026-02-16","210535","Maxim Shin","966","19","0.0","-4.0","UZB","22"
"2026-02-16","207183","Ishaque Eqbal","967","19","3.0","54.0","IND","28"
"2026-02-16","212259","Benjamin Thomas George","968","19","1.0","8.0","CAN","23"
"2026-02-16","104905","Nicolas Barrientos","969","18","0.0","-3.0","COL","38"
"2026-02-16","211585","Alex Kuperstein","970","18","2.0","38.0","USA","27"
"2026-02-16","213677","Dante Pagani","971","18","0.0","-4.0","ARG",""
"2026-02-16","206746","Benjamin Winter Lopez","972","18","0.0","-3.0","ESP","27"
"2026-02-16","106167","Joris De Loore","973","18","0.0","-3.0","BEL","32"
"2026-02-16","212308","Markus Malaszszak","974","18","0.0","-3.0","GER","21"
"2026-02-16","211646","Louis Larue","975","18","2.0","42.0","FRA","21"
"2026-02-16","200418","Karl Friberg","976","18","0.0","-4.0","SWE","26"
"2026-02-16","208003","Bekkhan Atlangeriev","977","18","0.0","-4.0","RUS","24"
"2026-02-16","209997","Marcello Serafini","978","18","0.0","-4.0","ITA","23"
"2026-02-16","208152","Gabriele Bosio","979","18","-1.0","-18.0","ITA","25"
"2026-02-16","208613","Ezequiel Monferrer","980","18","-1.0","-17.0","ARG","22"
"2026-02-16","","Daniel Salazar","981","18","0.0","-4.0","",""
"2026-02-16","200050","Finn Bass","982","18","0.0","-3.0","GBR","26"
"2026-02-16","210047","Lorenzo Lorusso","983","18","0.0","-5.0","ITA","26"
"2026-02-16","202244","Jeremy Gschwendtner","984","18","-1.0","-20.0","GBR","27"
"2026-02-16","210507","Nicolas Villalon","985","18","0.0","-5.0","CHI","21"
"2026-02-16","212949","Ziga Sesko","986","17","0.0","-5.0","SLO","17"
"2026-02-16","212926","Andrew Delgado","987","17","0.0","-5.0","USA","20"
"2026-02-16","211674","Kuang Qing Xu","988","17","0.0","-5.0","CHN","19"
"2026-02-16","207595","Mateo Barreiros Reyes","989","17","0.0","-4.0","BRA","25"
"2026-02-16","209064","Suk Hyun Choo","990","17","0.0","-4.0","KOR","24"
"2026-02-16","212405","Gavin Young","993","17","0.0","-4.0","USA","23"
"2026-02-16","208262","Alejo Lorenzo Lingua Lavallen","994","17","0.0","-3.0","ARG","24"
"2026-02-16","200331","Leonardo Aboian","995","17","0.0","-3.0","ARG","27"
"2026-02-16","212478","William Rejchtman Vinciguerra","996","17","0.0","-3.0","SWE","19"
"2026-02-16","212059","Zach Stephens","997","17","0.0","-3.0","GBR","19"
"2026-02-16","211719","Carles Cordoba","998","17","15.0","847.0","ESP",""
"2026-02-16","133014","Enzo Wallart","999","17","0.0","-4.0","FRA","29"
"2026-02-16","210683","Peter Buldorini","1000","17","0.0","-4.0","ITA","21"
"2026-02-16","211658","Tomas Martinez","1001","17","-1.0","-26.0","ARG","22"
"2026-02-16","212199","Tymur Bieldiugin","1002","17","0.0","-5.0","UKR","20"
"2026-02-16","132374","Jesse Flores","1003","17","0.0","-5.0","CRC","30"
"2026-02-16","210003","Chirag Duhan","1004","17","0.0","-4.0","IND","22"
"2026-02-16","212816","Lucca Helguera Casado","1005","17","0.0","-4.0","ESP","20"
"2026-02-16","212888","Rares Teodor Pieleanu","1006","17","1.0","16.0","ROU","19"
"2026-02-16","211700","Ruslan Tiukaev","1007","17","0.0","-4.0","RUS","20"
"2026-02-16","211317","Chen Dong","1008","17","0.0","-4.0","AUS","23"
"2026-02-16","208401","Giannicola Misasi","1009","17","0.0","-4.0","ITA","25"
"2026-02-16","213987","Vignesh Gogineni","1010","16","0.0","-4.0","USA",""
"2026-02-16","211664","Nicolas Oliveira","1011","16","0.0","-4.0","BRA","19"
"2026-02-16","202342","Ryan Seggerman","1012","16","0.0","-3.0","USA","26"
"2026-02-16","211675","Keegan Rice","1013","16","0.0","-3.0","CAN","19"
"2026-02-16","127087","Dominik Recek","1014","16","0.0","-3.0","CZE","30"
"2026-02-16","207682","Lorenzo Gagliardo","1015","16","0.0","-3.0","ITA","25"
"2026-02-16","212310","Pepijn Bastiaansen","1016","16","0.0","-3.0","NED","20"
"2026-02-16","111569","Gage Brymer","1017","16","","","USA","31"
"2026-02-16","208320","Christopher Li","1018","16","1.0","17.0","PER","22"
"2026-02-16","208467","Alexander Kotzen","1019","16","0.0","-5.0","USA","25"
"2026-02-16","126878","David Poljak","1020","16","0.0","-5.0","CZE","29"
"2026-02-16","208653","Isaac Becroft","1021","16","0.0","-5.0","NZL","25"
"2026-02-16","213014","Simeon Stankovic","1022","16","0.0","-3.0","SRB",""
"2026-02-16","213143","Sydney Zick","1023","16","0.0","-3.0","GER","19"
"2026-02-16","206600","Zura Tkemaladze","1024","16","0.0","-1.0","GEO","25"
"2026-02-16","208844","Keshav Chopra","1025","16","0.0","-1.0","USA","24"
"2026-02-16","212552","Nicolas Ifi","1026","16","0.0","-1.0","BEL","27"
"2026-02-16","210409","Pavlos Tsitsipas","1027","16","0.0","-1.0","GRE","20"
"2026-02-16","211651","Alexander Vasilev","1028","15","0.0","-1.0","BUL","18"
"2026-02-16","106214","Oscar Otte","1029","15","0.0","-1.0","GER","32"
"2026-02-16","202361","Simon Reveniau","1030","15","0.0","-1.0","FRA","27"
"2026-02-16","211394","Patrick Brady","1033","15","0.0","-1.0","GBR","21"
"2026-02-16","","Gilbert Klier Junior","1034","15","","","",""
"2026-02-16","124001","Gergely Madarasz","1035","15","0.0","1.0","HUN","31"
"2026-02-16","105332","Benoit Paire","1036","15","0.0","2.0","FRA","36"
"2026-02-16","212852","Kacper Szymkowiak","1037","15","0.0","0.0","POL","21"
"2026-02-16","212530","Mikael Arseneault","1038","15","-2.0","-39.0","CAN","19"
"2026-02-16","134405","Koray Kirci","1039","15","0.0","1.0","TUR","27"
"2026-02-16","212639","Yuto Oki","1040","15","1.0","17.0","JPN",""
"2026-02-16","212574","Egor Pleshivtsev","1041","15","","","RUS",""
"2026-02-16","208160","Sam Ryan Ziegann","1042","15","0.0","-1.0","AUS","27"
"2026-02-16","212461","Daniele Rapagnetta","1043","15","0.0","0.0","ITA","19"
"2026-02-16","210456","Karim Ibrahim","1044","15","0.0","-2.0","EGY","22"
"2026-02-16","212022","Daniil Sarksian","1045","15","0.0","-1.0","RUS","19"
"2026-02-16","210157","Dylan Dietrich","1046","14","0.0","-1.0","SUI","21"
"2026-02-16","211484","Jangjun Kim","1047","14","0.0","-1.0","KOR","19"
"2026-02-16","214018","Jamie Mackenzie","1048","14","2.0","41.0","GER",""
"2026-02-16","207649","Savriyan Danilov","1049","14","0.0","-2.0","RUS","25"
"2026-02-16","213806","Kriish Tyagi","1050","14","0.0","-1.0","IND","18"
"2026-02-16","206216","Tom Zeuch","1053","14","","","GER","25"
"2026-02-16","212086","Grigory Shebekin","1054","14","","","RUS","20"
"2026-02-16","208130","Geun Jun Kim","1055","14","1.0","12.0","KOR","24"
"2026-02-16","213969","Joao Vitor Scramin Do Lago","1056","14","0.0","-2.0","BRA","19"
"2026-02-16","207331","Vladislav Melnic","1057","14","7.0","212.0","ROU","26"
"2026-02-16","213046","Pieter De Lange","1058","14","-1.0","-19.0","NED",""
"2026-02-16","209889","Thomas Braithwaite","1059","14","0.0","-4.0","AUS","26"
"2026-02-16","212284","Pengyu Lu","1060","14","0.0","-4.0","CHN","24"
"2026-02-16","210436","Hayden Jones","1061","14","0.0","-3.0","AUS","19"
"2026-02-16","202220","Nicolas Bruna","1062","14","0.0","-3.0","CHI","27"
"2026-02-16","211323","Jacopo Bilardo","1063","14","0.0","-3.0","ITA","21"
"2026-02-16","210038","Matias Ponce De Leon Gomila","1064","13","0.0","-3.0","ESP","22"
"2026-02-16","105359","Jason Jung","1065","13","0.0","-3.0","TPE","36"
"2026-02-16","213360","Niels Mcdonald","1066","13","0.0","-3.0","GER","18"
"2026-02-16","208485","Kiranpal Pannu","1067","13","-4.0","-77.0","NZL","29"
"2026-02-16","212174","Enzo Aguiard","1068","13","0.0","-4.0","AUS","23"
"2026-02-16","212892","Vlado Jankanj","1069","13","0.0","-4.0","SRB",""
"2026-02-16","210274","Sebastian Dominko","1070","13","0.0","-4.0","SLO","22"
"2026-02-16","","Chanyeong Oh","1071","13","0.0","-3.0","",""
"2026-02-16","208424","Julian Cundom","1072","13","0.0","-3.0","ARG","24"
"2026-02-16","212142","Maxwell Exsted","1073","13","0.0","-2.0","USA","18"
"2026-02-16","212481","Federico Aguilar Cardozo","1074","13","0.0","-2.0","URU","20"
"2026-02-16","200289","Mathieu Scaglia","1075","13","1.0","25.0","FRA","27"
"2026-02-16","144937","Nicolas Parizzia","1076","13","0.0","-3.0","SUI","27"
"2026-02-16","210166","Mika Lipp","1077","13","0.0","-3.0","GER","22"
"2026-02-16","212295","Enzo Camargo Lima","1078","13","","","BRA","22"
"2026-02-16","207864","Noel Larwig","1081","13","0.0","-1.0","GER","24"
"2026-02-16","202106","Juan Bautista Otegui","1082","13","0.0","-1.0","ARG","26"
"2026-02-16","145008","Hugo Pierre","1083","13","1.0","27.0","FRA","29"
"2026-02-16","202305","Franco Ribero","1084","13","0.0","-1.0","ARG","26"
"2026-02-16","210745","Matthias Ujvary","1085","13","1.0","30.0","AUT","21"
"2026-02-16","144730","Tomohiro Masabayashi","1086","13","0.0","-2.0","JPN","27"
"2026-02-16","104810","Zhe Li","1087","12","0.0","-1.0","CHN","39"
"2026-02-16","209280","Devin Badenhorst","1088","12","0.0","-1.0","RSA","21"
"2026-02-16","209917","Benito Sanchez Martinez","1089","12","0.0","-1.0","GER","23"
"2026-02-16","149115","Adam Jilly","1090","12","0.0","0.0","HUN","19"
"2026-02-16","106425","Blake Mott","1091","12","0.0","0.0","AUS","29"
"2026-02-16","200456","Martin Borisiouk","1092","12","0.0","0.0","BLR","25"
"2026-02-16","212930","Mario Martinez Serrano","1093","12","0.0","0.0","ESP","21"
"2026-02-16","212885","Cezar Gabriel Papoe","1094","12","0.0","0.0","ROU","18"
"2026-02-16","210736","Shu Matsuoka","1095","12","0.0","0.0","JPN","22"
"2026-02-16","210185","Alen Mujakic","1096","12","0.0","0.0","GER","22"
"2026-02-16","211329","James Van Herzeele","1097","12","0.0","0.0","THA",""
"2026-02-16","202090","Adrian Andreev","1100","12","0.0","2.0","BUL","24"
"2026-02-16","208908","Rafael De Alba","1101","12","1.0","27.0","MEX",""
"2026-02-16","209921","Ali Habib","1102","12","1.0","24.0","GBR","23"
"2026-02-16","208249","Gian Marco Ortenzi","1103","12","0.0","0.0","ITA","26"
"2026-02-16","207343","Hanyi Liu","1104","12","0.0","0.0","CHN","24"
"2026-02-16","210155","Jasza Szajrych","1107","12","0.0","-1.0","POL","23"
"2026-02-16","205825","Joao Vitor Goncalves Ceolin","1108","12","3.0","93.0","BRA","26"
"2026-02-16","200166","Stefan Vujic","1111","12","0.0","-2.0","AUS","27"
"2026-02-16","211480","Aleksander Chayka","1112","12","1.0","24.0","RUS","21"
"2026-02-16","212726","Sungbeen Sim","1113","12","0.0","-2.0","KOR","28"
"2026-02-16","200197","Boris Butulija","1114","12","0.0","-2.0","SRB","27"
"2026-02-16","211761","Valentin Basel","1115","12","0.0","-2.0","ARG","21"
"2026-02-16","132054","Nathan Ponwith","1116","12","2.0","50.0","USA","27"
"2026-02-16","212725","Alaa Trifi","1117","12","0.0","-3.0","TUN","19"
"2026-02-16","211676","Saveliy Ivanov","1118","12","0.0","-2.0","RUS","21"
"2026-02-16","209852","Zsombor Velcz","1119","11","0.0","-2.0","HUN","23"
"2026-02-16","214206","Thiago Agustin Pernas","1120","11","0.0","-2.0","ARG","24"
"2026-02-16","212110","Mathis Bondaz","1121","11","0.0","-2.0","FRA",""
"2026-02-16","209115","Oliver Okonkwo","1122","11","1.0","30.0","GBR","25"
"2026-02-16","211497","Rocco Piatti","1129","11","8.0","504.0","MON","21"
"2026-02-16","211610","Andreas Timini","1130","11","0.0","-5.0","CYP","19"
"2026-02-16","136648","Jefferson Wendler Filho","1131","11","0.0","-4.0","BRA","30"
"2026-02-16","208873","Nikola Basic","1132","11","0.0","-3.0","CRO","24"
"2026-02-16","210163","Elgin Khoeblal","1133","11","0.0","-3.0","NED","24"
"2026-02-16","200024","Makoto Ochi","1136","11","2.0","60.0","JPN","29"
"2026-02-16","202293","Charles Bertimon","1139","11","1.0","23.0","FRA","26"
"2026-02-16","211411","Tyler Stice","1140","11","0.0","-6.0","USA","25"
"2026-02-16","212246","Volodymyr Iakubenko","1141","11","1.0","20.0","UKR","20"
"2026-02-16","212084","Denis Petak","1142","11","0.0","-7.0","CZE","19"
"2026-02-16","124099","Mohamed Nazim Makhlouf","1143","11","0.0","-6.0","ALG","29"
"2026-02-16","210684","Niccolo Ciavarella","1144","11","0.0","-6.0","ITA","21"
"2026-02-16","210455","Noah Perfetti","1145","11","0.0","-6.0","ITA","24"
"2026-02-16","208581","Noah Thurner","1146","11","","","GER","26"
"2026-02-16","105334","Luis David Martinez","1147","10","0.0","-7.0","VEN","36"
"2026-02-16","213977","Cosme Rolland De Ravel","1150","10","0.0","-7.0","FRA","21"
"2026-02-16","212218","Rohan  Murali","1151","10","0.0","-7.0","USA","21"
"2026-02-16","207996","Siddhant Banthia","1152","10","","","IND","25"
"2026-02-16","210759","Gianluca Brunkow","1153","10","0.0","-7.0","USA","23"
"2026-02-16","","Alexander Rozin","1156","10","0.0","-7.0","",""
"2026-02-16","200457","Jannik Opitz","1157","10","0.0","-7.0","GER","27"
"2026-02-16","105731","Steven Diez","1158","10","-10.0","-218.0","CAN","34"
"2026-02-16","213603","Joaquin Guilleme","1159","10","0.0","-6.0","NIC",""
"2026-02-16","133291","Ryota Tanuma","1160","10","0.0","-6.0","JPN","30"
"2026-02-16","208216","Alberto Bronzetti","1161","10","-3.0","-91.0","ITA","27"
"2026-02-16","209516","Valentin Lapalu","1162","10","0.0","-7.0","FRA","23"
"2026-02-16","","Seongwoo Cho","1163","10","2.0","59.0","",""
"2026-02-16","117352","Oliver Anderson","1168","10","","","AUS","27"
"2026-02-16","212533","Markus Molder","1169","10","","","EST","20"
"2026-02-16","110751","Sebastian Fanselow","1170","10","0.0","-10.0","GER","34"
"2026-02-16","212263","Xing Dao Chen","1171","10","0.0","-8.0","CHN","22"
"2026-02-16","212841","Lucas Marionneau","1172","10","0.0","-8.0","FRA","19"
"2026-02-16","144788","Louis Tessa","1173","10","0.0","-8.0","FRA","27"
"2026-02-16","209118","Niklas Waldner","1174","10","1.0","29.0","AUT","24"
"2026-02-16","212183","Yuquan Jin","1175","10","0.0","-8.0","CHN","25"
"2026-02-16","211904","Maximilian Figl","1176","10","0.0","-8.0","ITA","21"
"2026-02-16","212616","Yuta Tomida","1177","10","0.0","-8.0","JPN","19"
"2026-02-16","106132","Toby Martin","1178","10","3.0","113.0","GBR","32"
"2026-02-16","202081","Diogo Marques","1179","10","","","POR","26"
"2026-02-16","208186","Preston Brown","1180","10","0.0","-7.0","USA","24"
"2026-02-16","126149","Gianluca Mager","1181","9","0.0","-7.0","ITA","31"
"2026-02-16","210613","Derek Pham","1182","9","","","AUS","21"
"2026-02-16","210691","Joshua Lapadat","1183","9","0.0","-6.0","CAN","23"
"2026-02-16","213956","Andrej Loncarevic","1184","9","","","FRA","20"
"2026-02-16","126120","Nino Serdarusic","1187","9","-1.0","-36.0","CRO","29"
"2026-02-16","106368","Ramkumar Ramanathan","1188","9","0.0","-7.0","IND","31"
"2026-02-16","207340","Daniel Paty","1189","9","","","CZE","26"
"2026-02-16","209060","Alexander Bernard","1190","9","0.0","-8.0","USA","22"
"2026-02-16","149272","Tudor Batin","1191","9","0.0","-8.0","ROU","19"
"2026-02-16","","Julian Alonso Jr","1192","9","0.0","-6.0","",""
"2026-02-16","213580","Leonardo Primucci","1193","9","0.0","-8.0","ITA",""
"2026-02-16","106249","Joao Domingues","1194","9","0.0","-6.0","POR","32"
"2026-02-16","210039","Orel Kimhi","1195","9","","","ISR","22"
"2026-02-16","210198","George Lazarov","1196","9","","","BUL","20"
"2026-02-16","104986","Vishnu Vardhan","1197","9","0.0","-5.0","IND","38"
"2026-02-16","207452","Matthew Thomson","1198","9","0.0","-7.0","USA","25"
"2026-02-16","210754","Jan Hrazdil","1199","9","0.0","-5.0","CZE","20"
"2026-02-16","209955","Mikail Alimli","1200","9","0.0","-7.0","FRA","22"
"2026-02-16","200474","Ivan Denisov","1201","9","0.0","-6.0","RUS","25"
"2026-02-16","208039","Ronald Hohmann","1202","9","1.0","28.0","USA","24"
"2026-02-16","211334","Aljaz Jeran","1203","9","0.0","-4.0","SLO","22"
"2026-02-16","213103","Viktor Frydrych","1204","9","0.0","-7.0","GBR",""
"2026-02-16","210532","Giacomo Crisostomo","1205","9","0.0","-5.0","ITA","22"
"2026-02-16","212972","Andrea De Marchi","1206","9","0.0","-8.0","ITA","19"
"2026-02-16","212134","Maxence Rivet","1207","9","0.0","-5.0","FRA","22"
"2026-02-16","208864","Leyton Rivera","1208","9","-1.0","-38.0","NOR","24"
"2026-02-16","144672","Duarte Vale","1209","8","0.0","-5.0","POR","27"
"2026-02-16","208370","Keenan Mayo","1210","8","0.0","-5.0","USA","25"
"2026-02-16","210323","Luis Felipe Miguel","1211","8","0.0","-5.0","BRA","21"
"2026-02-16","210645","Ofek Shimanov","1212","8","0.0","-5.0","ISR","20"
"2026-02-16","131951","Daniel Cukierman","1213","8","0.0","-5.0","ISR","30"
"2026-02-16","213825","Keaton Hance","1214","8","0.0","-5.0","USA","17"
"2026-02-16","212064","Duje Markovina","1215","8","2.0","93.0","CRO","18"
"2026-02-16","134384","Sebastian Prechtel","1216","8","0.0","-3.0","GER","29"
"2026-02-16","202247","Simon Beaupain","1217","8","","","BEL","26"
"2026-02-16","130493","Tiago Silva","1218","8","0.0","-6.0","POR","21"
"2026-02-16","214043","Lachlan James Mcfadzean","1219","8","","","AUS","19"
"2026-02-16","207236","Taketo Takamisawa","1220","8","0.0","-5.0","JPN","27"
"2026-02-16","211638","Jack Loutit","1221","8","0.0","-5.0","NZL","21"
"2026-02-16","212280","Giulio Perego","1222","8","0.0","-5.0","ITA","22"
"2026-02-16","207616","Oscar Moraing","1223","8","0.0","-5.0","GER","25"
"2026-02-16","212231","Junhyeon Lee","1224","8","0.0","-5.0","KOR",""
"2026-02-16","211516","Lorenzo Beraldo","1225","8","0.0","-5.0","ITA","19"
"2026-02-16","210105","Martyn Pawelski","1226","8","0.0","-5.0","POL","21"
"2026-02-16","213701","Tobia Costanzo Baragiola Mordini","1227","8","0.0","-3.0","ITA",""
"2026-02-16","209973","Edouard Villoslada","1228","8","0.0","-5.0","FRA","26"
"2026-02-16","211467","Aditya Vishal Balsekar","1229","8","","","IND","23"
"2026-02-16","213772","Lorenzo Comino","1230","8","0.0","-4.0","ITA","19"
"2026-02-16","210740","Liam Krall","1231","8","0.0","-6.0","USA","23"
"2026-02-16","212631","David Eichenseher","1232","8","","","GER","20"
"2026-02-16","212752","Filippo Alberti","1233","8","0.0","-6.0","ITA","22"
"2026-02-16","200036","Abhinav Sanjeev Shanmugam","1234","8","","","IND","27"
"2026-02-16","149267","Andrea Colombo","1235","8","0.0","-4.0","ITA","23"
"2026-02-16","211574","Ethan Cook","1236","8","0.0","-4.0","AUS","22"
"2026-02-16","209391","Corban Crowther","1237","8","0.0","-4.0","NZL","22"
"2026-02-16","209314","Jan Kupcic","1238","8","0.0","-4.0","SLO","24"
"2026-02-16","207738","Brandon Perez","1239","8","0.0","-4.0","VEN","26"
"2026-02-16","206736","Benjamin O'Connell","1240","8","","","AUS","26"
"2026-02-16","208006","Rafael Tosetto","1241","8","0.0","-3.0","BRA","26"
"2026-02-16","210632","Vadym Konovchuk","1242","8","0.0","-3.0","UKR","22"
"2026-02-16","213064","Samuele Seghetti","1243","8","0.0","-3.0","ITA","19"
"2026-02-16","","Joao Graca","1244","8","0.0","-3.0","",""
"2026-02-16","212992","Niels Ratiu","1245","7","0.0","-3.0","BEL","20"
"2026-02-16","144081","Alex Chang","1246","7","0.0","-3.0","USA","39"
"2026-02-16","210538","Noa Vukadin","1247","7","0.0","-3.0","CRO","21"
"2026-02-16","210475","Preston Stearns","1248","7","0.0","-3.0","USA","22"
"2026-02-16","209910","Szymon Kielan","1249","7","0.0","-3.0","POL","23"
"2026-02-16","126193","Mark Whitehouse","1250","7","0.0","-3.0","GBR","32"
"2026-02-16","200611","Elliot Benchetrit","1251","7","0.0","-3.0","MAR","27"
"2026-02-16","210722","Viktor Markov","1252","7","0.0","-2.0","BUL","20"
"2026-02-16","210486","Nicholas Godsick","1253","7","0.0","-2.0","USA","21"
"2026-02-16","210565","Elijah Strode","1254","7","-2.0","-70.0","USA","24"
"2026-02-16","202128","Louis Dussin","1257","7","-1.0","-43.0","FRA","26"
"2026-02-16","212896","Melvin Kumar","1258","7","","","SWE","19"
"2026-02-16","210458","Bernardo Munk Mesa","1261","7","0.0","-3.0","ESP","20"
"2026-02-16","213138","Alexander Wagner","1262","7","1.0","55.0","AUT","19"
"2026-02-16","208382","Herman Hoeyeraal","1263","7","1.0","55.0","NOR","24"
"2026-02-16","213721","Pierre Antoine Faut","1266","7","0.0","-6.0","FRA",""
"2026-02-16","208518","Hazem Naw","1267","7","0.0","-6.0","SYR","26"
"2026-02-16","213356","Michele Mecarelli","1268","7","0.0","-6.0","ITA","18"
"2026-02-16","212069","Kabir Hans","1271","7","0.0","-6.0","IND","24"
"2026-02-16","213092","Jonas Kucera","1272","7","0.0","-6.0","CZE","19"
"2026-02-16","208365","Amador Salazar","1275","7","0.0","-5.0","CHI","25"
"2026-02-16","149124","Oskar Grzegorzewski","1276","7","0.0","-5.0","POL","21"
"2026-02-16","105060","Aldin Setkic","1277","7","0.0","-5.0","BIH","38"
"2026-02-16","211645","Christian Djonov","1278","7","0.0","-5.0","GER","25"
"2026-02-16","213048","Alan Wazny","1279","7","2.0","133.0","POL",""
"2026-02-16","213131","Luke Hooper","1284","7","0.0","-5.0","GBR",""
"2026-02-16","211532","Nicolo Toffanin","1285","7","0.0","-5.0","ITA","22"
"2026-02-16","213180","Leonardo Cattaneo","1286","7","0.0","-5.0","ITA","19"
"2026-02-16","209967","Antoine Berger","1289","7","0.0","-5.0","FRA","27"
"2026-02-16","213361","Ivan Gretskiy","1292","7","0.0","-9.0","RUS","19"
"2026-02-16","212624","Nikola Jovic","1293","7","0.0","-7.0","SRB","19"
"2026-02-16","211635","Segundo Goity Zapico","1298","6","0.0","-6.0","ARG","20"
"2026-02-16","210037","Mehdi Benchakroun","1301","6","","","MAR","22"
"2026-02-16","212153","Filip Gustafsson","1302","6","0.0","-4.0","SWE","21"
"2026-02-16","212075","Rodrigo Fernandes","1303","6","0.0","-4.0","POR","19"
"2026-02-16","144874","Ryan James Storrie","1304","6","0.0","-4.0","GBR","27"
"2026-02-16","211333","Vito Tonejc","1305","6","0.0","-4.0","CRO","26"
"2026-02-16","213836","Gavin Goode","1306","6","","","USA",""
"2026-02-16","211670","Marko Mesarovic","1312","6","0.0","-5.0","USA",""
"2026-02-16","213141","Georgi Georgiev","1313","6","0.0","-4.0","BUL","19"
"2026-02-16","214112","Remy Dugardin","1314","6","","","FRA",""
"2026-02-16","209887","Liam Gavrielides","1317","6","0.0","-5.0","GER","22"
"2026-02-16","213600","Dillon Beckles","1318","6","0.0","-5.0","USA",""
"2026-02-16","202195","Maxime Cressy","1319","6","0.0","-5.0","USA","28"
"2026-02-16","134490","Justin Roberts","1320","6","0.0","-5.0","BAH","29"
"2026-02-16","200233","Nicaise Muamba","1323","6","0.0","-4.0","CAN","25"
"2026-02-16","213923","Gilberto Ravasio","1324","6","1.0","61.0","ITA","21"
"2026-02-16","209255","Vladan Tadic","1325","6","0.0","-4.0","BIH","25"
"2026-02-16","149162","Xiaoyin Yang","1326","6","1.0","61.0","CHN","21"
"2026-02-16","213632","Glib Sekachov","1327","6","0.0","-5.0","UKR",""
"2026-02-16","213717","Sebastiano Cocola","1330","6","0.0","-5.0","ITA",""
"2026-02-16","209979","Madhwin Kamath","1331","6","0.0","-5.0","IND","24"
"2026-02-16","212460","Yan Cheng Chen","1336","6","0.0","-5.0","TPE","23"
"2026-02-16","210733","Arthur Bonnaud","1337","6","0.0","-5.0","FRA","28"
"2026-02-16","149843","Conor Gannon","1338","6","0.0","-3.0","IRL","23"
"2026-02-16","211388","Felipe De Dios","1339","6","0.0","-9.0","ARG","22"
"2026-02-16","212106","Noah Lopez Cherubino","1340","6","0.0","-4.0","ESP",""
"2026-02-16","210364","Mateo Castañeda","1341","6","0.0","-4.0","COL","20"
"2026-02-16","149130","Joe Leather","1342","6","","","GBR",""
"2026-02-16","210735","Radovan Michalik","1343","6","0.0","-4.0","SVK","22"
"2026-02-16","","Nicolas Robert","1348","6","3.0","291.0","",""
"2026-02-16","211667","Matteo Fondriest","1351","6","","","ITA","21"
"2026-02-16","212935","Ferdinand Livet Novkirichka","1352","6","","","FRA",""
"2026-02-16","211390","Sergi Fita Juan","1353","6","-1.0","-68.0","ESP",""
"2026-02-16","212738","Manel Lazaro Juncadella","1354","6","0.0","-5.0","ESP","19"
"2026-02-16","208603","Cleeve Harper","1355","5","0.0","-5.0","CAN","25"
"2026-02-16","213552","Jagger Leach","1358","5","0.0","-5.0","USA","18"
"2026-02-16","","Yannick Theodor Alexandrescou","1363","5","0.0","-6.0","",""
"2026-02-16","209879","Luc Koenig","1364","5","","","GBR","22"
"2026-02-16","213830","Saki Tange","1370","5","0.0","-4.0","JPN","22"
"2026-02-16","212647","Jaesung Choe","1373","5","0.0","-5.0","KOR","26"
"2026-02-16","206790","Alexis Gurmendi","1383","5","0.0","1.0","ARG","28"
"2026-02-16","213215","Bill Chan","1390","5","0.0","-8.0","SGP",""
"2026-02-16","105590","Uladzimir Ignatik","1391","5","0.0","-8.0","BLR","35"
"2026-02-16","210743","Pranav Kumar","1392","5","0.0","-4.0","USA","26"
"2026-02-16","212547","Timeo Trufelli","1393","5","","","FRA",""
"2026-02-16","212196","Yua Taka","1394","5","0.0","-8.0","JPN",""
"2026-02-16","213218","Elias Julian Werner","1397","5","0.0","-6.0","GER",""
"2026-02-16","211690","Toprak Avcibasi","1406","5","0.0","-5.0","TUR","21"
"2026-02-16","211539","Gabor Hornung","1409","5","0.0","-6.0","HUN","20"
"2026-02-16","213927","Gabriele Crivellaro","1418","5","","","ITA","18"
"2026-02-16","212589","Luka Talan Lopatic","1421","5","","","SLO","18"
"2026-02-16","211503","Nico Hipfl","1424","5","","","AUT","19"
"2026-02-16","212889","Daniel Uta","1428","5","0.0","-4.0","ROU","19"
"2026-02-16","213078","Hugo Car","1436","4","0.0","-4.0","FRA",""
"2026-02-16","208871","Takeru Yuzuki","1437","4","0.0","-4.0","JPN","27"
"2026-02-16","212914","Corey Craig","1442","4","","","USA","22"
"2026-02-16","212250","James Connel","1443","4","0.0","-3.0","GBR","22"
"2026-02-16","212899","Moritz Kudernatsch","1454","4","0.0","-3.0","GER","20"
"2026-02-16","211330","Vasco Leote Prata","1458","4","0.0","-3.0","POR","22"
"2026-02-16","206580","Nicola Rispoli","1462","4","0.0","-3.0","ITA","28"
"2026-02-16","213889","Arjun Rathi","1467","4","0.0","-2.0","IND",""
"2026-02-16","213648","Udit Kamboj","1468","4","0.0","-2.0","IND",""
"2026-02-16","120545","Ko Suzuki","1469","4","0.0","-2.0","JPN","34"
"2026-02-16","213814","Gustavo Albieri","1478","4","0.0","-3.0","BRA","18"
"2026-02-16","210284","Pijus Vaitiekunas","1487","4","0.0","-4.0","LTU","22"
"2026-02-16","209946","Maikel De Boes","1498","4","0.0","-2.0","BEL","23"
"2026-02-16","214015","Xavi Palomar","1511","4","0.0","-9.0","ESP",""
"2026-02-16","105419","Patricio Alvarado","1512","4","","","ECU","36"
"2026-02-16","211490","Daniel Verbeek","1515","4","","","NED","21"
"2026-02-16","213791","Fumin Jiang","1525","4","","","CHN",""
"2026-02-16","212769","Leo Lagarrigue","1575","3","0.0","-8.0","FRA","19"
"2026-02-16","212840","Thomas Gerbaud","1587","3","0.0","-7.0","FRA","21"
"2026-02-16","149268","Gabriele Vulpitta","1602","3","0.0","-6.0","ITA","20"
"2026-02-16","","Vito Dell'Elba","1615","3","","","",""
"2026-02-16","213637","Daniel Domingos","1642","3","0.0","-8.0","AGO",""
"2026-02-16","213378","Adam Farag Cao","1645","3","","","CAN","18"
"2026-02-16","210110","Alessandro Bellifemine","1646","3","0.0","-6.0","ITA","24"
"2026-02-16","212030","Kerem Yilmaz","1647","3","0.0","-6.0","TUR","18"
"2026-02-16","213037","Luis Garcia Paez","1654","3","","","ESP","20"
"2026-02-16","124045","Lawrence Bataljin","1655","3","0.0","-6.0","AUS","29"
"2026-02-16","210315","Pietro Pampanin","1837","2","0.0","-6.0","ITA","23"
"2026-02-16","210103","Luca Parenti","1838","2","","","ITA","22"
"2026-02-16","206905","Louis Herman","1839","2","0.0","-7.0","BEL","24"
"2026-02-16","202314","Parth Aggarwal","1850","2","","","IND","28"
"2026-02-16","207463","Sheng Tang","1851","2","0.0","-5.0","CHN","26"
